numero,planta,trat,nfruto,semillas,peso,mg,especie
1,c16,cn,1,1,0.0053,5.3,oc
2,c16,cn,1,2,0.0073,7.3,oc
3,c16,cn,1,3,0.0075,7.5,oc
4,c16,cn,1,4,0.0071,7.1,oc
5,c16,cn,1,5,0.0074,7.4,oc
6,c16,cn,1,6,0.0065,6.5,oc
7,c16,cn,1,7,0.0075,7.5,oc
8,c16,cn,1,8,0.0071,7.1,oc
9,c16,cn,1,9,0.005,5,oc
10,c16,cn,1,10,0.0074,7.4,oc
11,t9,os,2,1,0.0172,17.2,ot
12,t9,os,2,2,0.0154,15.4,ot
13,t9,os,2,3,0.0151,15.1,ot
14,t9,os,2,4,0.0154,15.4,ot
15,t9,os,2,5,0.0156,15.6,ot
16,t9,os,2,6,0.0154,15.4,ot
17,t9,os,2,7,0.0158,15.8,ot
18,t9,os,2,8,0.0172,17.2,ot
19,t9,os,2,9,0.0162,16.2,ot
20,t9,os,2,10,0.0152,15.2,ot
21,t11,cn,3,1,0.0188,18.8,ot
22,t11,cn,3,2,0.0194,19.4,ot
23,t11,cn,3,3,0.0173,17.3,ot
24,t11,cn,3,4,0.0184,18.4,ot
25,t11,cn,3,5,0.0178,17.8,ot
26,t11,cn,3,6,0.018,18,ot
27,t11,cn,3,7,0.019,19,ot
28,t11,cn,3,8,0.0192,19.2,ot
29,t11,cn,3,9,0.0194,19.4,ot
30,t11,cn,3,10,0.0186,18.6,ot
31,t11,en,4,1,0.0222,22.2,ot
32,t11,en,4,2,0.019,19,ot
33,t11,en,4,3,0.0198,19.8,ot
34,t11,en,4,4,0.0187,18.7,ot
35,t11,en,4,5,0.022,22,ot
36,t11,en,4,6,0.0198,19.8,ot
37,t11,en,4,7,0.0214,21.4,ot
38,t11,en,4,8,0.0209,20.9,ot
39,t11,en,4,9,0.015,15,ot
40,t11,en,4,10,0.0189,18.9,ot
41,t9,au,5,1,0.0161,16.1,ot
42,t9,au,5,2,0.0174,17.4,ot
43,t9,au,5,3,0.0181,18.1,ot
44,t9,au,5,4,0.0178,17.8,ot
45,t9,au,5,5,0.0165,16.5,ot
46,t9,au,5,6,0.0164,16.4,ot
47,t9,au,5,7,0.0175,17.5,ot
48,t9,au,5,8,0.0162,16.2,ot
49,t9,au,5,9,0.0162,16.2,ot
50,t9,au,5,10,0.0172,17.2,ot
51,c18,cn,6,1,0.0056,5.6,oc
52,c18,cn,6,2,0.0061,6.1,oc
53,c18,cn,6,3,0.0049,4.9,oc
54,c18,cn,6,4,0.0057,5.7,oc
55,c18,cn,6,5,0.0059,5.9,oc
56,c18,cn,6,6,0.0058,5.8,oc
57,c18,cn,6,7,0.0059,5.9,oc
58,c18,cn,6,8,0.0049,4.9,oc
59,c18,cn,6,9,0.006,6,oc
60,c18,cn,6,10,0.0055,5.5,oc
61,t11,oc,7,1,0.025,25,ot
62,t11,oc,7,2,0.0228,22.8,ot
63,t11,oc,7,3,0.0228,22.8,ot
64,t11,oc,7,4,0.0248,24.8,ot
65,t11,oc,7,5,0.0218,21.8,ot
66,t11,oc,7,6,0.0199,19.9,ot
67,t11,oc,7,7,0.0245,24.5,ot
68,t11,oc,7,8,0.0217,21.7,ot
69,t11,oc,7,9,0.0231,23.1,ot
70,t11,oc,7,10,0.0217,21.7,ot
71,c18,en,8,1,0.0088,8.8,oc
72,c18,en,8,2,0.0072,7.2,oc
73,c18,en,8,3,0.0078,7.8,oc
74,c18,en,8,4,0.0082,8.2,oc
75,c18,en,8,5,0.0083,8.3,oc
76,c18,en,8,6,0.0077,7.7,oc
77,c18,en,8,7,0.0085,8.5,oc
78,c18,en,8,8,0.0085,8.5,oc
79,c18,en,8,9,0.0079,7.9,oc
80,c18,en,8,10,0.0082,8.2,oc
81,t11,or,9,1,0.0182,18.2,ot
82,t11,or,9,2,0.0213,21.3,ot
83,t11,or,9,3,0.0193,19.3,ot
84,t11,or,9,4,0.0214,21.4,ot
85,t11,or,9,5,0.0197,19.7,ot
86,t11,or,9,6,0.0179,17.9,ot
87,t11,or,9,7,0.0213,21.3,ot
88,t11,or,9,8,0.0196,19.6,ot
89,t11,or,9,9,0.0196,19.6,ot
90,t11,or,9,10,0.0209,20.9,ot
91,cor,en,10,1,0.0111,11.1,oc
92,cor,en,10,2,0.0103,10.3,oc
93,cor,en,10,3,0.0101,10.1,oc
94,cor,en,10,4,0.0101,10.1,oc
95,cor,en,10,5,0.0111,11.1,oc
96,cor,en,10,6,0.0102,10.2,oc
97,cor,en,10,7,0.0016,1.6,oc
98,cor,en,10,8,0.0026,2.6,oc
99,cor,en,10,9,0.0021,2.1,oc
100,cor,en,10,10,0.0025,2.5,oc
101,t9,or,11,1,0.0181,18.1,ot
102,t9,or,11,2,0.0171,17.1,ot
103,t9,or,11,3,0.0168,16.8,ot
104,t9,or,11,4,0.02,20,ot
105,t9,or,11,5,0.0183,18.3,ot
106,t9,or,11,6,0.0159,15.9,ot
107,t9,or,11,7,0.0182,18.2,ot
108,t9,or,11,8,0.0198,19.8,ot
109,t9,or,11,9,0.0166,16.6,ot
110,t9,or,11,10,0.0185,18.5,ot
111,t9,cn,12,1,0.0144,14.4,ot
112,t9,cn,12,2,0.0187,18.7,ot
113,t9,cn,12,3,0.0186,18.6,ot
114,t9,cn,12,4,0.0156,15.6,ot
115,t9,cn,12,5,0.0162,16.2,ot
116,t9,cn,12,6,0.0164,16.4,ot
117,t9,cn,12,7,0.0181,18.1,ot
118,t9,cn,12,8,0.0189,18.9,ot
119,t9,cn,12,9,0.0145,14.5,ot
120,t9,cn,12,10,0.0161,16.1,ot
121,cor,cn,13,1,0.0036,3.6,oc
122,cor,cn,13,2,0.0041,4.1,oc
123,cor,cn,13,3,0.0023,2.3,oc
124,cor,cn,13,4,0.0035,3.5,oc
125,cor,cn,13,5,0.0047,4.7,oc
126,cor,cn,13,6,0.0042,4.2,oc
127,cor,cn,13,7,0.0038,3.8,oc
128,cor,cn,13,8,0.0021,2.1,oc
129,cor,cn,13,9,0.0045,4.5,oc
130,t9,oc,14,1,0.0183,18.3,ot
131,t9,oc,14,2,0.0169,16.9,ot
132,t9,oc,14,3,0.0168,16.8,ot
133,t9,oc,14,4,0.0183,18.3,ot
134,t9,oc,14,5,0.0155,15.5,ot
135,t9,oc,14,6,0.017,17,ot
136,t9,oc,14,7,0.018,18,ot
137,t9,oc,14,8,0.0173,17.3,ot
138,t9,oc,14,9,0.0188,18.8,ot
139,t9,oc,14,10,0.0185,18.5,ot
140,s10,au,15,1,0.01,10,os
141,s10,au,15,2,0.0089,8.9,os
142,s10,au,15,3,0.0095,9.5,os
143,s10,au,15,4,0.0095,9.5,os
144,s10,au,15,5,0.0099,9.9,os
145,s10,au,15,6,0.0102,10.2,os
146,s10,au,15,7,0.01,10,os
147,s10,au,15,8,0.0097,9.7,os
148,s10,au,15,9,0.0089,8.9,os
149,s10,au,15,10,0.0109,10.9,os
150,c31,en,16,1,0.0058,5.8,oc
151,c31,en,16,2,0.0059,5.9,oc
152,c31,en,16,3,0.0069,6.9,oc
153,c31,en,16,4,0.0059,5.9,oc
154,c31,en,16,5,0.0065,6.5,oc
155,c31,en,16,6,0.0054,5.4,oc
156,c31,en,16,7,0.0068,6.8,oc
157,c31,en,16,8,0.0053,5.3,oc
158,c31,en,16,9,0.0057,5.7,oc
159,c31,en,16,10,0.006,6,oc
160,t9,en,17,1,0.0184,18.4,ot
161,t9,en,17,2,0.0182,18.2,ot
162,t9,en,17,3,0.022,22,ot
163,t9,en,17,4,0.0229,22.9,ot
164,t9,en,17,5,0.0195,19.5,ot
165,t9,en,17,6,0.0218,21.8,ot
166,t9,en,17,7,0.0182,18.2,ot
167,t9,en,17,8,0.022,22,ot
168,t9,en,17,9,0.0228,22.8,ot
169,t9,en,17,10,0.0192,19.2,ot
170,t-t16,or,18,1,0.0254,25.4,ot
171,t-t16,or,18,2,0.0227,22.7,ot
172,t-t16,or,18,3,0.0206,20.6,ot
173,t-t16,or,18,4,0.0233,23.3,ot
174,t-t16,or,18,5,0.0217,21.7,ot
175,t-t16,or,18,6,0.0184,18.4,ot
176,t-t16,or,18,7,0.0226,22.6,ot
177,t-t16,or,18,8,0.023,23,ot
178,t-t16,or,18,9,0.023,23,ot
179,t-t16,or,18,10,0.0254,25.4,ot
180,t16,cn,19,1,0.0142,14.2,ot
181,t16,cn,19,2,0.0172,17.2,ot
182,t16,cn,19,3,0.0162,16.2,ot
183,t16,cn,19,4,0.0162,16.2,ot
184,t16,cn,19,5,0.0168,16.8,ot
185,t16,cn,19,6,0.0167,16.7,ot
186,t16,cn,19,7,0.017,17,ot
187,t16,cn,19,8,0.018,18,ot
188,t16,cn,19,9,0.0151,15.1,ot
189,t16,cn,19,10,0.0177,17.7,ot
190,t12,os,20,1,0.0179,17.9,ot
191,t12,os,20,2,0.0183,18.3,ot
192,t12,os,20,3,0.0163,16.3,ot
193,t12,os,20,4,0.0173,17.3,ot
194,t12,os,20,5,0.018,18,ot
195,t12,os,20,6,0.0149,14.9,ot
196,t12,os,20,7,0.0179,17.9,ot
197,t12,os,20,8,0.0156,15.6,ot
198,t12,os,20,9,0.0171,17.1,ot
199,t12,os,20,10,0.0158,15.8,ot
200,t12,au,21,1,0.0172,17.2,ot
201,t12,au,21,2,0.0165,16.5,ot
202,t12,au,21,3,0.0155,15.5,ot
203,t12,au,21,4,0.0167,16.7,ot
204,t12,au,21,5,0.0181,18.1,ot
205,t12,au,21,6,0.0168,16.8,ot
206,t12,au,21,7,0.0156,15.6,ot
207,t12,au,21,8,0.0158,15.8,ot
208,t12,au,21,9,0.017,17,ot
209,t12,au,21,10,0.0154,15.4,ot
210,t16,au,22,1,0.0152,15.2,ot
211,t16,au,22,2,0.0183,18.3,ot
212,t16,au,22,3,0.0178,17.8,ot
213,t16,au,22,4,0.0179,17.9,ot
214,t16,au,22,5,0.0174,17.4,ot
215,t16,au,22,6,0.0181,18.1,ot
216,t16,au,22,7,0.0154,15.4,ot
217,t16,au,22,8,0.0154,15.4,ot
218,t16,au,22,9,0.0156,15.6,ot
219,t16,au,22,10,0.0155,15.5,ot
220,t12,cn,23,1,0.0151,15.1,ot
221,t12,cn,23,2,0.0104,10.4,ot
222,t12,cn,23,3,0.0137,13.7,ot
223,t12,cn,23,4,0.0147,14.7,ot
224,t12,cn,23,5,0.0135,13.5,ot
225,t12,cn,23,6,0.0145,14.5,ot
226,t12,cn,23,7,0.014,14,ot
227,t12,cn,23,8,0.0152,15.2,ot
228,t12,cn,23,9,0.0149,14.9,ot
229,t12,cn,23,10,0.0131,13.1,ot
230,c32,en,24,1,0.0065,6.5,oc
231,c32,en,24,2,0.0056,5.6,oc
232,c32,en,24,3,0.0065,6.5,oc
233,c32,en,24,4,0.0061,6.1,oc
234,c32,en,24,5,0.007,7,oc
235,c32,en,24,6,0.0068,6.8,oc
236,c32,en,24,7,0.0069,6.9,oc
237,c32,en,24,8,0.0065,6.5,oc
238,c32,en,24,9,0.0067,6.7,oc
239,c32,en,24,10,0.0054,5.4,oc
240,t16,en,25,1,0.0204,20.4,ot
241,t16,en,25,2,0.0162,16.2,ot
242,t16,en,25,3,0.0188,18.8,ot
243,t16,en,25,4,0.0194,19.4,ot
244,t16,en,25,5,0.0181,18.1,ot
245,t16,en,25,6,0.0199,19.9,ot
246,t16,en,25,7,0.0201,20.1,ot
247,t16,en,25,8,0.0183,18.3,ot
248,t16,en,25,9,0.0179,17.9,ot
249,t16,en,25,10,0.0179,17.9,ot
250,t12,oc,26,1,0.0123,12.3,ot
251,t12,oc,26,2,0.0144,14.4,ot
252,t12,oc,26,3,0.0147,14.7,ot
253,t12,oc,26,4,0.0145,14.5,ot
254,t12,oc,26,5,0.0132,13.2,ot
255,t12,oc,26,6,0.0149,14.9,ot
256,t12,oc,26,7,0.0137,13.7,ot
257,t12,oc,26,8,0.014,14,ot
258,t12,oc,26,9,0.0146,14.6,ot
259,t12,oc,26,10,0.0132,13.2,ot
260,sf,au,27,1,0.0183,18.3,os
261,sf,au,27,2,0.0163,16.3,os
262,sf,au,27,3,0.0182,18.2,os
263,sf,au,27,4,0.0183,18.3,os
264,sf,au,27,5,0.0176,17.6,os
265,sf,au,27,6,0.0169,16.9,os
266,sf,au,27,7,0.0164,16.4,os
267,sf,au,27,8,0.0183,18.3,os
268,sf,au,27,9,0.0173,17.3,os
269,sf,au,27,10,0.0187,18.7,os
270,t41,au,28,1,0.0198,19.8,ot
271,t41,au,28,2,0.0205,20.5,ot
272,t41,au,28,3,0.0206,20.6,ot
273,t41,au,28,4,0.0186,18.6,ot
274,t41,au,28,5,0.0211,21.1,ot
275,t41,au,28,6,0.0186,18.6,ot
276,t41,au,28,7,0.0195,19.5,ot
277,t41,au,28,8,0.0211,21.1,ot
278,t41,au,28,9,0.0181,18.1,ot
279,t41,au,28,10,0.0215,21.5,ot
280,t41,en,29,1,0.0177,17.7,ot
281,t41,en,29,2,0.0163,16.3,ot
282,t41,en,29,3,0.0163,16.3,ot
283,t41,en,29,4,0.0172,17.2,ot
284,t41,en,29,5,0.0175,17.5,ot
285,t41,en,29,6,0.0175,17.5,ot
286,t41,en,29,7,0.0176,17.6,ot
287,t41,en,29,8,0.0163,16.3,ot
288,t41,en,29,9,0.0165,16.5,ot
289,t41,en,29,10,0.0177,17.7,ot
290,c34,en,30,1,0.0078,7.8,oc
291,c34,en,30,2,0.0098,9.8,oc
292,c34,en,30,3,0.0097,9.7,oc
293,c34,en,30,4,0.0099,9.9,oc
294,c34,en,30,5,0.0098,9.8,oc
295,c34,en,30,6,0.0078,7.8,oc
296,c34,en,30,7,0.0098,9.8,oc
297,c34,en,30,8,0.0089,8.9,oc
298,c34,en,30,9,0.0089,8.9,oc
299,c34,en,30,10,0.0095,9.5,oc
300,t41,oc,31,1,0.0161,16.1,ot
301,t41,oc,31,2,0.0149,14.9,ot
302,t41,oc,31,3,0.0149,14.9,ot
303,t41,oc,31,4,0.0158,15.8,ot
304,t41,oc,31,5,0.0151,15.1,ot
305,t41,oc,31,6,0.0147,14.7,ot
306,t41,oc,31,7,0.0156,15.6,ot
307,t41,oc,31,8,0.0156,15.6,ot
308,t41,oc,31,9,0.0147,14.7,ot
309,t41,oc,31,10,0.0156,15.6,ot
310,sf,or,32,1,0.0156,15.6,os
311,sf,or,32,2,0.0154,15.4,os
312,sf,or,32,3,0.0136,13.6,os
313,sf,or,32,4,0.0143,14.3,os
314,sf,or,32,5,0.0145,14.5,os
315,sf,or,32,6,0.0148,14.8,os
316,sf,or,32,7,0.0156,15.6,os
317,sf,or,32,8,0.0148,14.8,os
318,sf,or,32,9,0.0148,14.8,os
319,sf,or,32,10,0.015,15,os
320,t23,oc,33,1,0.0173,17.3,ot
321,t23,oc,33,2,0.0182,18.2,ot
322,t23,oc,33,3,0.0164,16.4,ot
323,t23,oc,33,4,0.0161,16.1,ot
324,t23,oc,33,5,0.0158,15.8,ot
325,t23,oc,33,6,0.0177,17.7,ot
326,t23,oc,33,7,0.0162,16.2,ot
327,t23,oc,33,8,0.0179,17.9,ot
328,t23,oc,33,9,0.0146,14.6,ot
329,t23,oc,33,10,0.0182,18.2,ot
330,t23,en,34,1,0.0184,18.4,ot
331,t23,en,34,2,0.0194,19.4,ot
332,t23,en,34,3,0.0199,19.9,ot
333,t23,en,34,4,0.0187,18.7,ot
334,t23,en,34,5,0.0192,19.2,ot
335,t23,en,34,6,0.0185,18.5,ot
336,t23,en,34,7,0.0189,18.9,ot
337,t23,en,34,8,0.0204,20.4,ot
338,t23,en,34,9,0.0164,16.4,ot
339,t23,en,34,10,0.0166,16.6,ot
340,t23,os,35,1,0.0194,19.4,ot
341,t23,os,35,2,0.0181,18.1,ot
342,t23,os,35,3,0.0189,18.9,ot
343,t23,os,35,4,0.0183,18.3,ot
344,t23,os,35,5,0.0207,20.7,ot
345,t23,os,35,6,0.0178,17.8,ot
346,t23,os,35,7,0.0202,20.2,ot
347,t23,os,35,8,0.0077,7.7,ot
348,t23,os,35,9,0.0162,16.2,ot
349,t23,os,35,10,0.0162,16.2,ot
350,td36,en,36,1,0.0192,19.2,ot
351,td36,en,36,2,0.0223,22.3,ot
352,td36,en,36,3,0.0179,17.9,ot
353,td36,en,36,4,0.0186,18.6,ot
354,td36,en,36,5,0.0213,21.3,ot
355,td36,en,36,6,0.0186,18.6,ot
356,td36,en,36,7,0.0186,18.6,ot
357,td36,en,36,8,0.0201,20.1,ot
358,td36,en,36,9,0.0217,21.7,ot
359,td36,en,36,10,0.0179,17.9,ot
360,c22,cn,37,1,0.0085,8.5,oc
361,c22,cn,37,2,0.0102,10.2,oc
362,c22,cn,37,3,0.0085,8.5,oc
363,c22,cn,37,4,0.0085,8.5,oc
364,c22,cn,37,5,0.01,10,oc
365,c22,cn,37,6,0.008,8,oc
366,c22,cn,37,7,0.0083,8.3,oc
367,c22,cn,37,8,0.008,8,oc
368,c22,cn,37,9,0.0083,8.3,oc
369,c22,cn,37,10,0.01,10,oc
370,c21a,cn,38,1,0.0029,2.9,oc
371,c21a,cn,38,2,0.004,4,oc
372,c21a,cn,38,3,0.0087,8.7,oc
373,c21a,cn,38,4,0.0068,6.8,oc
374,c21a,cn,38,5,0.0079,7.9,oc
375,c21a,cn,38,6,0.0079,7.9,oc
376,c21a,cn,38,7,0.0071,7.1,oc
377,s33,ot,39,1,0.0163,16.3,os
378,s33,ot,39,2,0.016,16,os
379,s33,ot,39,3,0.0132,13.2,os
380,s33,ot,39,4,0.0132,13.2,os
381,s33,ot,39,5,0.0133,13.3,os
382,s33,ot,39,6,0.0147,14.7,os
383,s33,ot,39,7,0.0131,13.1,os
384,s33,ot,39,8,0.013,13,os
385,s33,ot,39,9,0.0134,13.4,os
386,s33,ot,39,10,0.015,15,os
387,c34,cn,40,1,0.0134,13.4,oc
388,c34,cn,40,2,0.0125,12.5,oc
389,c34,cn,40,3,0.0125,12.5,oc
390,c34,cn,40,4,0.0122,12.2,oc
391,c34,cn,40,5,0.012,12,oc
392,c34,cn,40,6,0.0122,12.2,oc
393,c34,cn,40,7,0.0134,13.4,oc
394,c34,cn,40,8,0.0129,12.9,oc
395,c34,cn,40,9,0.0131,13.1,oc
396,c34,cn,40,10,0.0134,13.4,oc
397,s33,oc,41,1,0.0132,13.2,os
398,s33,oc,41,2,0.0116,11.6,os
399,s33,oc,41,3,0.0116,11.6,os
400,s33,oc,41,4,0.0133,13.3,os
401,s33,oc,41,5,0.0118,11.8,os
402,s33,oc,41,6,0.013,13,os
403,s33,oc,41,7,0.0133,13.3,os
404,s33,oc,41,8,0.0132,13.2,os
405,s33,oc,41,9,0.0124,12.4,os
406,s33,oc,41,10,0.0132,13.2,os
407,s33,or,42,1,0.0149,14.9,os
408,s33,or,42,2,0.0127,12.7,os
409,s33,or,42,3,0.014,14,os
410,s33,or,42,4,0.0126,12.6,os
411,s33,or,42,5,0.0136,13.6,os
412,s33,or,42,6,0.0131,13.1,os
413,s33,or,42,7,0.0129,12.9,os
414,s33,or,42,8,0.0126,12.6,os
415,s33,or,42,9,0.0133,13.3,os
416,s33,or,42,10,0.0127,12.7,os
417,g1,ot,43,1,0.0224,22.4,os
418,g1,ot,43,2,0.0192,19.2,os
419,g1,ot,43,3,0.0223,22.3,os
420,g1,ot,43,4,0.0224,22.4,os
421,g1,ot,43,5,0.0226,22.6,os
422,g1,ot,43,6,0.0208,20.8,os
423,g1,ot,43,7,0.0223,22.3,os
424,g1,ot,43,8,0.0216,21.6,os
425,g1,ot,43,9,0.0226,22.6,os
426,g1,ot,43,10,0.0208,20.8,os
427,s36,en,44,1,0.0138,13.8,os
428,s36,en,44,2,0.0166,16.6,os
429,s36,en,44,3,0.0138,13.8,os
430,s36,en,44,4,0.0137,13.7,os
431,s36,en,44,5,0.016,16,os
432,s36,en,44,6,0.014,14,os
433,s36,en,44,7,0.0155,15.5,os
434,s36,en,44,8,0.0142,14.2,os
435,s36,en,44,9,0.0138,13.8,os
436,s36,en,44,10,0.0142,14.2,os
437,s20,oc,45,1,0.019,19,os
438,s20,oc,45,2,0.0156,15.6,os
439,s20,oc,45,3,0.0175,17.5,os
440,s20,oc,45,4,0.0179,17.9,os
441,s20,oc,45,5,0.0179,17.9,os
442,s20,oc,45,6,0.0169,16.9,os
443,s20,oc,45,7,0.0156,15.6,os
444,s20,oc,45,8,0.014,14,os
445,s20,oc,45,9,0.0166,16.6,os
446,s20,oc,45,10,0.0159,15.9,os
447,tl8,cn,46,1,0.0223,22.3,ot
448,tl8,cn,46,2,0.0213,21.3,ot
449,tl8,cn,46,3,0.0222,22.2,ot
450,tl8,cn,46,4,0.0222,22.2,ot
451,tl8,cn,46,5,0.0205,20.5,ot
452,tl8,cn,46,6,0.0213,21.3,ot
453,tl8,cn,46,7,0.0211,21.1,ot
454,tl8,cn,46,8,0.0205,20.5,ot
455,tl8,cn,46,9,0.023,23,ot
456,tl8,cn,46,10,0.0214,21.4,ot
457,t44,cn,47,1,0.016,16,ot
458,t44,cn,47,2,0.0241,24.1,ot
459,t44,cn,47,3,0.0176,17.6,ot
460,t44,cn,47,4,0.0184,18.4,ot
461,t44,cn,47,5,0.016,16,ot
462,t44,cn,47,6,0.022,22,ot
463,t44,cn,47,7,0.023,23,ot
464,t44,cn,47,8,0.0259,25.9,ot
465,t44,cn,47,9,0.017,17,ot
466,t44,cn,47,10,0.0177,17.7,ot
467,td36,cn,48,1,0.0223,22.3,ot
468,td36,cn,48,2,0.0178,17.8,ot
469,td36,cn,48,3,0.0213,21.3,ot
470,td36,cn,48,4,0.0207,20.7,ot
471,td36,cn,48,5,0.0189,18.9,ot
472,td36,cn,48,6,0.0213,21.3,ot
473,td36,cn,48,7,0.0223,22.3,ot
474,td36,cn,48,8,0.018,18,ot
475,td36,cn,48,9,0.0194,19.4,ot
476,td36,cn,48,10,0.0218,21.8,ot
477,td36,os,49,1,0.0224,22.4,ot
478,td36,os,49,2,0.025,25,ot
479,td36,os,49,3,0.0227,22.7,ot
480,td36,os,49,4,0.0207,20.7,ot
481,td36,os,49,5,0.0243,24.3,ot
482,td36,os,49,6,0.022,22,ot
483,td36,os,49,7,0.0211,21.1,ot
484,td36,os,49,8,0.0209,20.9,ot
485,td36,os,49,9,0.0248,24.8,ot
486,td36,os,49,10,0.0231,23.1,ot
487,sa,au,50,1,0.0192,19.2,os
488,sa,au,50,2,0.0212,21.2,os
489,sa,au,50,3,0.022,22,os
490,sa,au,50,4,0.023,23,os
491,sa,au,50,5,0.0198,19.8,os
492,sa,au,50,6,0.0214,21.4,os
493,sa,au,50,7,0.02,20,os
494,sa,au,50,8,0.02,20,os
495,sa,au,50,9,0.0211,21.1,os
496,sa,au,50,10,0.023,23,os
497,c32,cn,51,1,0.0069,6.9,oc
498,c32,cn,51,2,0.0076,7.6,oc
499,c32,cn,51,3,0.0057,5.7,oc
500,c32,cn,51,4,0.0069,6.9,oc
501,c32,cn,51,5,0.0078,7.8,oc
502,c32,cn,51,6,0.0076,7.6,oc
503,c32,cn,51,7,0.0065,6.5,oc
504,c32,cn,51,8,0.007,7,oc
505,c32,cn,51,9,0.0073,7.3,oc
506,c32,cn,51,10,0.0069,6.9,oc
507,td36,oc,52,1,0.0197,19.7,ot
508,td36,oc,52,2,0.0203,20.3,ot
509,td36,oc,52,3,0.0164,16.4,ot
510,td36,oc,52,4,0.0166,16.6,ot
511,td36,oc,52,5,0.0179,17.9,ot
512,td36,oc,52,6,0.0177,17.7,ot
513,td36,oc,52,7,0.0179,17.9,ot
514,td36,oc,52,8,0.0186,18.6,ot
515,td36,oc,52,9,0.0186,18.6,ot
516,td36,oc,52,10,0.0195,19.5,ot
517,t23,or,53,1,0.0183,18.3,ot
518,t23,or,53,2,0.0188,18.8,ot
519,t23,or,53,3,0.0175,17.5,ot
520,t23,or,53,4,0.0165,16.5,ot
521,t23,or,53,5,0.0165,16.5,ot
522,t23,or,53,6,0.0173,17.3,ot
523,t23,or,53,7,0.0185,18.5,ot
524,t23,or,53,8,0.0163,16.3,ot
525,t23,or,53,9,0.0175,17.5,ot
526,t23,or,53,10,0.0163,16.3,ot
527,c30,en,54,1,0.0081,8.1,oc
528,c30,en,54,2,0.0089,8.9,oc
529,c30,en,54,3,0.0103,10.3,oc
530,c30,en,54,4,0.0089,8.9,oc
531,c30,en,54,5,0.0087,8.7,oc
532,c30,en,54,6,0.0089,8.9,oc
533,c30,en,54,7,0.0082,8.2,oc
534,c30,en,54,8,0.0097,9.7,oc
535,c30,en,54,9,0.0086,8.6,oc
536,c30,en,54,10,0.0089,8.9,oc
537,c40,au,55,1,0.0066,6.6,oc
538,c40,au,55,2,0.0065,6.5,oc
539,c40,au,55,3,0.0068,6.8,oc
540,c40,au,55,4,0.0073,7.3,oc
541,c40,au,55,5,0.003,3,oc
542,c40,au,55,6,0.0069,6.9,oc
543,c40,au,55,7,0.0078,7.8,oc
544,c40,au,55,8,0.0072,7.2,oc
545,c40,au,55,9,0.0064,6.4,oc
546,c40,au,55,10,0.0089,8.9,oc
547,t-esq,cn,56,1,0.0194,19.4,ot
548,t-esq,cn,56,2,0.0192,19.2,ot
549,t-esq,cn,56,3,0.0181,18.1,ot
550,t-esq,cn,56,4,0.0178,17.8,ot
551,t-esq,cn,56,5,0.0168,16.8,ot
552,t-esq,cn,56,6,0.0172,17.2,ot
553,t-esq,cn,56,7,0.0168,16.8,ot
554,t-esq,cn,56,8,0.0184,18.4,ot
555,t-esq,cn,56,9,0.0185,18.5,ot
556,t-esq,cn,56,10,0.0169,16.9,ot
557,t-t16,cn,57,1,0.016,16,ot
558,t-t16,cn,57,2,0.0198,19.8,ot
559,t-t16,cn,57,3,0.015,15,ot
560,t-t16,cn,57,4,0.0196,19.6,ot
561,sa,oc,58,1,0.021,21,os
562,sa,oc,58,2,0.0184,18.4,os
563,sa,oc,58,3,0.0186,18.6,os
564,sa,oc,58,4,0.019,19,os
565,sa,oc,58,5,0.0184,18.4,os
566,sa,oc,58,6,0.02,20,os
567,sa,oc,58,7,0.0184,18.4,os
568,sa,oc,58,8,0.0215,21.5,os
569,sa,oc,58,9,0.0188,18.8,os
570,sa,oc,58,10,0.0205,20.5,os
571,c21b,cn,59,1,0.0083,8.3,oc
572,c21b,cn,59,2,0.0083,8.3,oc
573,c21b,cn,59,3,0.0084,8.4,oc
574,c21b,cn,59,4,0.0079,7.9,oc
575,c21b,cn,59,5,0.0081,8.1,oc
576,c21b,cn,59,6,0.0085,8.5,oc
577,c21b,cn,59,7,0.007,7,oc
578,c21b,cn,59,8,0.0077,7.7,oc
579,c21b,cn,59,9,0.0074,7.4,oc
580,c21b,cn,59,10,0.0082,8.2,oc
581,t23,cn,60,1,0.0167,16.7,ot
582,t23,cn,60,2,0.0138,13.8,ot
583,t23,cn,60,3,0.0156,15.6,ot
584,t23,cn,60,4,0.0163,16.3,ot
585,t23,cn,60,5,0.0148,14.8,ot
586,t23,cn,60,6,0.0137,13.7,ot
587,t23,cn,60,7,0.0176,17.6,ot
588,t23,cn,60,8,0.0168,16.8,ot
589,t23,cn,60,9,0.013,13,ot
590,t23,cn,60,10,0.0117,11.7,ot
591,sf,oc,61,1,0.0172,17.2,os
592,sf,oc,61,2,0.0153,15.3,os
593,sf,oc,61,3,0.0185,18.5,os
594,sf,oc,61,4,0.0177,17.7,os
595,sf,oc,61,5,0.0153,15.3,os
596,sf,oc,61,6,0.0167,16.7,os
597,sf,oc,61,7,0.0175,17.5,os
598,sf,oc,61,8,0.02,20,os
599,sf,oc,61,9,0.0162,16.2,os
600,sf,oc,61,10,0.0166,16.6,os
601,se,ot,62,1,0.0133,13.3,os
602,se,ot,62,2,0.013,13,os
603,se,ot,62,3,0.0125,12.5,os
604,se,ot,62,4,0.0136,13.6,os
605,se,ot,62,5,0.013,13,os
606,se,ot,62,6,0.0137,13.7,os
607,se,ot,62,7,0.0139,13.9,os
608,se,ot,62,8,0.015,15,os
609,se,ot,62,9,0.0125,12.5,os
610,se,ot,62,10,0.014,14,os
611,t16,or,63,1,0.0226,22.6,ot
612,t16,or,63,2,0.017,17,ot
613,t16,or,63,3,0.017,17,ot
614,t16,or,63,4,0.0173,17.3,ot
615,t16,or,63,5,0.018,18,ot
616,t16,or,63,6,0.0168,16.8,ot
617,t16,or,63,7,0.0168,16.8,ot
618,t16,or,63,8,0.0181,18.1,ot
619,t16,or,63,9,0.0168,16.8,ot
620,t16,or,63,10,0.0182,18.2,ot
621,t12,or,64,1,0.0173,17.3,ot
622,t12,or,64,2,0.0173,17.3,ot
623,t12,or,64,3,0.0142,14.2,ot
624,t12,or,64,4,0.0183,18.3,ot
625,t12,or,64,5,0.0184,18.4,ot
626,t12,or,64,6,0.0184,18.4,ot
627,t12,or,64,7,0.0167,16.7,ot
628,t12,or,64,8,0.017,17,ot
629,t12,or,64,9,0.0186,18.6,ot
630,t12,or,64,10,0.0158,15.8,ot
631,t12,en,65,1,0.0177,17.7,ot
632,t12,en,65,2,0.0158,15.8,ot
633,t12,en,65,3,0.0187,18.7,ot
634,t12,en,65,4,0.0151,15.1,ot
635,t12,en,65,5,0.0159,15.9,ot
636,t12,en,65,6,0.0178,17.8,ot
637,t12,en,65,7,0.0182,18.2,ot
638,t12,en,65,8,0.0187,18.7,ot
639,t12,en,65,9,0.0189,18.9,ot
640,t12,en,65,10,0.0171,17.1,ot
641,sa,ot,66,1,0.009,9,os
642,sa,ot,66,2,0.0058,5.8,os
643,g1,au,67,1,0.0141,14.1,os
644,g1,au,67,2,0.0217,21.7,os
645,g1,au,67,3,0.0138,13.8,os
646,g1,au,67,4,0.0147,14.7,os
647,g1,en,68,1,0.0148,14.8,os
648,g1,en,68,2,0.0189,18.9,os
649,g1,en,68,3,0.0203,20.3,os
650,g1,en,68,4,0.0196,19.6,os
651,sa,oc,69,1,0.0125,12.5,os
652,sa,oc,69,2,0.0067,6.7,os
653,t44,oc,70,1,0.0205,20.5,ot
654,t44,oc,70,2,0.0196,19.6,ot
655,t44,oc,70,3,0.0213,21.3,ot
656,t44,oc,70,4,0.0169,16.9,ot
657,t44,oc,70,5,0.0149,14.9,ot
658,t44,oc,70,6,0.0166,16.6,ot
659,t44,oc,70,7,0.0157,15.7,ot
660,t44,oc,70,8,0.0171,17.1,ot
661,t44,oc,70,9,0.0151,15.1,ot
662,t44,oc,70,10,0.0175,17.5,ot
663,g1,cn,71,1,0.017,17,os
664,g1,cn,71,2,0.0178,17.8,os
665,g1,cn,71,3,0.0159,15.9,os
666,g1,cn,71,4,0.0155,15.5,os
667,t-esq,oc,72,1,0.0202,20.2,ot
668,t-esq,oc,72,2,0.0205,20.5,ot
669,t-esq,oc,72,3,0.0205,20.5,ot
670,t-esq,oc,72,4,0.0208,20.8,ot
671,sa,en,73,1,0.0075,7.5,os
672,sa,en,73,2,0.0079,7.9,os
673,sa,en,73,3,0.003,3,os
674,sa,en,73,4,0.0052,5.2,os
675,sa,en,73,5,0.0052,5.2,os
676,s22,cn,74,1,0.0105,10.5,os
677,s22,cn,74,2,0.0109,10.9,os
678,s22,cn,74,3,0.0109,10.9,os
679,s22,cn,74,4,0.0132,13.2,os
680,s22,cn,74,5,0.0102,10.2,os
681,s22,cn,74,6,0.0104,10.4,os
682,s22,cn,74,7,0.0116,11.6,os
683,s22,cn,74,8,0.0116,11.6,os
684,s22,cn,74,9,0.0111,11.1,os
685,s22,cn,74,10,0.0132,13.2,os
686,R47,en,1,1,0.0174,17.4,or
687,R47,en,1,2,0.0142,14.2,or
688,R47,en,1,3,0.0126,12.6,or
689,R47,en,1,4,0.0152,15.2,or
690,R47,en,1,5,0.0115,11.5,or
691,R47,en,1,6,0.0126,12.6,or
692,R47,en,1,7,0.0113,11.3,or
693,R47,en,1,8,0.0124,12.4,or
694,R47,en,1,9,0.0083,8.3,or
695,R47,en,1,10,0.0131,13.1,or
696,Oro 225,en,2,1,0.0169,16.9,or
697,Oro 225,en,2,2,0.0183,18.3,or
698,Oro 225,en,2,3,0.0164,16.4,or
699,Oro 225,en,2,4,0.0171,17.1,or
700,Oro 225,en,2,5,0.0193,19.3,or
701,Oro 225,en,2,6,0.0167,16.7,or
702,Oro 225,en,2,7,0.0163,16.3,or
703,Oro 225,en,2,8,0.0214,21.4,or
704,Oro 225,en,2,9,0.0166,16.6,or
705,Oro 225,en,2,10,0.0191,19.1,or
706,Oro 225,cn,3,1,0.0191,19.1,or
707,Oro 225,cn,3,2,0.0206,20.6,or
708,Oro 225,cn,3,3,0.0176,17.6,or
709,Oro 225,cn,3,4,0.0188,18.8,or
710,Oro 225,cn,3,5,0.0165,16.5,or
711,Oro 225,cn,3,6,0.0195,19.5,or
712,Oro 225,cn,3,7,0.0164,16.4,or
713,Oro 225,cn,3,8,0.0171,17.1,or
714,Oro 225,cn,3,9,0.0185,18.5,or
715,Oro 225,cn,3,10,0.0173,17.3,or
716,R50,cn,,1,0.022,22,or
717,R50,cn,,2,0.0172,17.2,or
718,R50,cn,,3,0.0171,17.1,or
719,R50,cn,,4,0.021,21,or
720,R50,cn,,5,0.0183,18.3,or
721,R50,cn,,6,0.0216,21.6,or
722,R50,cn,,7,0.0134,13.4,or
723,R50,cn,,8,0.0216,21.6,or
724,R50,cn,,9,0.0185,18.5,or
725,R50,cn,,10,0.0178,17.8,or
726,R50,en,,1,0.0183,18.3,or
727,R50,en,,2,0.0152,15.2,or
728,R50,en,,3,0.0203,20.3,or
729,R50,en,,4,0.096,96,or
730,R50,en,,5,0.0158,15.8,or
731,R50,en,,6,0.0167,16.7,or
732,R50,en,,7,0.0209,20.9,or
733,R50,en,,8,0.012,12,or
734,R50,en,,9,0.0105,10.5,or
735,R50,en,,10,0.0153,15.3,or
736,Oro 40,en,,1,0.0151,15.1,or
737,Oro 40,en,,2,0.0097,9.7,or
738,Oro 40,en,,3,0.0135,13.5,or
739,Oro 40,en,,4,0.081,81,or
740,Oro 40,en,,5,0.0111,11.1,or
741,Oro 40,en,,6,0.013,13,or
742,Oro 40,en,,7,0.011,11,or
743,Oro 40,en,,8,0.0163,16.3,or
744,Oro 40,en,,9,0.0072,7.2,or
745,Oro 40,en,,10,0.0115,11.5,or
746,Oro 40,cn,,1,0.0098,9.8,or
747,Oro 40,cn,,2,0.0138,13.8,or
748,Oro 40,cn,,3,0.0126,12.6,or
749,Oro 40,cn,,4,0.0118,11.8,or
750,Oro 40,cn,,5,0.0116,11.6,or
751,Oro 40,cn,,6,0.0108,10.8,or
752,Oro 40,cn,,7,0.0114,11.4,or
753,Oro 40,cn,,8,0.0106,10.6,or
754,Oro 40,cn,,9,0.01,10,or
755,Oro 40,cn,,10,0.0108,10.8,or
756,R63,en,,1,0.0157,15.7,or
757,R63,en,,2,0.0149,14.9,or
758,R63,en,,3,0.0171,17.1,or
759,R63,en,,4,0.01,10,or
760,R63,en,,5,0.0144,14.4,or
761,R63,en,,6,0.0163,16.3,or
762,R63,en,,7,0.0181,18.1,or
763,R63,en,,8,0.0152,15.2,or
764,R63,en,,9,0.0085,8.5,or
765,R63,en,,10,0.0155,15.5,or
766,R63,os,,1,0.0139,13.9,or
767,R63,os,,2,0.0123,12.3,or
768,R63,os,,3,0.0149,14.9,or
769,R63,os,,4,0.0133,13.3,or
770,R63,os,,5,0.0074,7.4,or
771,R63,os,,6,0.0069,6.9,or
772,R63,os,,7,0.0177,17.7,or
773,R63,os,,8,0.013,13,or
774,R63,os,,9,0.0083,8.3,or
775,R63,os,,10,0.0075,7.5,or
776,R66,cn,,1,0.0116,11.6,or
777,R66,cn,,2,0.0134,13.4,or
778,R66,cn,,3,0.011,11,or
779,R66,cn,,4,0.0134,13.4,or
780,R66,cn,,5,0.0133,13.3,or
781,R66,cn,,6,0.0105,10.5,or
782,R66,cn,,7,0.014,14,or
783,R66,cn,,8,0.0122,12.2,or
784,R66,cn,,9,0.0127,12.7,or
785,R66,cn,,10,0.0081,8.1,or
786,R66,en,,1,0.0133,13.3,or
787,R66,en,,2,0.014,14,or
788,R66,en,,3,0.0098,9.8,or
789,R66,en,,4,0.0095,9.5,or
790,R66,en,,5,0.0134,13.4,or
791,R66,en,,6,0.0132,13.2,or
792,R66,en,,7,0.0149,14.9,or
793,R66,en,,8,0.0139,13.9,or
794,R66,en,,9,0.0078,7.8,or
795,R66,en,,10,0.0095,9.5,or
796,Oro 102,cn,,1,0.0142,14.2,or
797,Oro 102,cn,,2,0.0122,12.2,or
798,Oro 102,cn,,3,0.0166,16.6,or
799,Oro 102,cn,,4,0.0142,14.2,or
800,Oro 102,cn,,5,0.014,14,or
801,Oro 102,cn,,6,0.0162,16.2,or
802,Oro 102,cn,,7,0.015,15,or
803,Oro 102,cn,,8,0.0144,14.4,or
804,Oro 102,cn,,9,0.0155,15.5,or
805,Oro 102,cn,,10,0.0142,14.2,or
806,Oro 102,en,,1,0.0151,15.1,or
807,Oro 102,en,,2,0.0134,13.4,or
808,Oro 102,en,,3,0.0151,15.1,or
809,Oro 102,en,,4,0.0136,13.6,or
810,Oro 102,en,,5,0.0141,14.1,or
811,Oro 102,en,,6,0.0137,13.7,or
812,Oro 102,en,,7,0.0147,14.7,or
813,Oro 102,en,,8,0.0154,15.4,or
814,Oro 102,en,,9,0.0134,13.4,or
815,Oro 102,en,,10,0.01,10,or
816,R56,en,,1,0.0169,16.9,or
817,R56,en,,2,0.0139,13.9,or
818,R56,en,,3,0.0142,14.2,or
819,R56,en,,4,0.0111,11.1,or
820,R56,en,,5,0.0138,13.8,or
821,R56,en,,6,0.0166,16.6,or
822,R56,en,,7,0.0128,12.8,or
823,R56,en,,8,0.0071,7.1,or
824,R56,en,,9,0.0135,13.5,or
825,R56,en,,10,0.0153,15.3,or
826,R56,cn,,1,0.0169,16.9,or
827,R56,cn,,2,0.0187,18.7,or
828,R56,cn,,3,0.0143,14.3,or
829,R56,cn,,4,0.0185,18.5,or
830,R56,cn,,5,0.0207,20.7,or
831,R56,cn,,6,0.022,22,or
832,R56,cn,,7,0.0174,17.4,or
833,R56,cn,,8,0.0198,19.8,or
834,R56,cn,,9,0.0129,12.9,or
835,R56,cn,,10,0.0167,16.7,or
836,R51,cn,,1,0.0173,17.3,or
837,R51,cn,,2,0.0169,16.9,or
838,R51,cn,,3,0.018,18,or
839,R51,cn,,4,0.0183,18.3,or
840,R51,cn,,5,0.0135,13.5,or
841,R51,cn,,6,0.0135,13.5,or
842,R51,cn,,7,0.0143,14.3,or
843,R51,cn,,8,0.0161,16.1,or
844,R51,cn,,9,0.0145,14.5,or
845,R51,cn,,10,0.0115,11.5,or
846,R51,en,,1,0.0153,15.3,or
847,R51,en,,2,0.0148,14.8,or
848,R51,en,,3,0.0135,13.5,or
849,R51,en,,4,0.013,13,or
850,R51,en,,5,0.0115,11.5,or
851,R51,en,,6,0.0125,12.5,or
852,R51,en,,7,0.0158,15.8,or
853,R51,en,,8,0.0133,13.3,or
854,R51,en,,9,0.0163,16.3,or
855,R51,en,,10,0.0168,16.8,or
856,R40-2,en,,1,0.0193,19.3,or
857,R28,cn,,1,0.0216,21.6,or
858,R28,cn,,2,0.0217,21.7,or
859,R28,cn,,3,0.0222,22.2,or
860,R28,cn,,4,0.0238,23.8,or
861,R28,os,,1,0.0156,15.6,or
862,R28,os,,2,0.0137,13.7,or
863,R28,os,,3,0.0141,14.1,or
864,R28,os,,4,0.0187,18.7,or
865,R28,os,,5,0.0107,10.7,or
866,R28,os,,6,0.0174,17.4,or
867,R28,os,,7,0.0179,17.9,or
868,Oro 240,cn,,1,0.0164,16.4,or
869,Oro 240,cn,,2,0.0147,14.7,or
870,Oro 240,cn,,3,0.0123,12.3,or
871,Oro 240,cn,,4,0.0166,16.6,or
872,Oro 240,cn,,5,0.0172,17.2,or
873,Oro 240,cn,,6,0.0141,14.1,or
874,Oro 240,cn,,7,0.0148,14.8,or
875,Oro 240,cn,,8,0.0157,15.7,or
876,Oro 240,cn,,9,0.0157,15.7,or
877,Oro 240,cn,,10,0.0178,17.8,or
878,Oro 240,en,,1,0.0109,10.9,or
879,Oro 240,en,,2,0.0165,16.5,or
880,Oro 240,en,,3,0.0162,16.2,or
881,Oro 240,en,,4,0.0149,14.9,or
882,Oro 240,en,,5,0.0158,15.8,or
883,Oro 240,en,,6,0.0135,13.5,or
884,Oro 240,en,,7,0.0157,15.7,or
885,Oro 240,en,,8,0.0148,14.8,or
886,Oro 240,en,,9,0.0155,15.5,or
887,Oro 240,en,,10,0.0143,14.3,or
888,OR (prob R2) comido ,cn,,1,0.0164,16.4,or
889,OR (prob R2) comido ,cn,,2,0.0166,16.6,or
890,OR (prob R2) comido ,cn,,3,0.0141,14.1,or
891,OR (prob R2) comido ,cn,,4,0.014,14,or
892,OR (prob R2) comido ,cn,,5,0.0127,12.7,or
893,OR (prob R2) comido ,cn,,6,0.0139,13.9,or
894,OR (prob R2) comido ,cn,,7,0.0153,15.3,or
895,OR (prob R2) comido ,cn,,8,0.0137,13.7,or
896,OR (prob R2) comido ,cn,,9,0.0129,12.9,or
897,OR (prob R2) comido ,cn,,10,0.0136,13.6,or
898,Oro 120,os,,1,0.0113,11.3,or
899,Oro 120,os,,2,0.0159,15.9,or
900,Oro 120,os,,3,0.0076,7.6,or
901,Oro 120,cn,,1,0.015,15,or
902,Oro 120,cn,,2,0.0136,13.6,or
903,Oro 120,cn,,3,0.0127,12.7,or
904,Oro 120,cn,,4,0.0147,14.7,or
905,Oro 120,cn,,5,0.0154,15.4,or
906,Oro 120,cn,,6,0.0138,13.8,or
907,Oro 120,cn,,7,0.0137,13.7,or
908,Oro 120,cn,,8,0.0139,13.9,or
909,Oro 120,cn,,9,0.0144,14.4,or
910,Oro 120,cn,,10,0.0134,13.4,or
911,Oro 219,en,,1,0.0087,8.7,or
912,Oro 219,en,,2,0.0095,9.5,or
913,Oro 219,en,,3,0.0072,7.2,or
914,Oro 219,en,,4,0.0094,9.4,or
915,Oro 219,en,,5,0.0113,11.3,or
916,Oro 219,en,,6,0.011,11,or
917,Oro 219,en,,7,0.0106,10.6,or
918,Oro 219,en,,8,0.0094,9.4,or
919,Oro 219,en,,9,0.0092,9.2,or
920,Oro 219,en,,10,0.009,9,or
921,Oro 6,en,,1,0.0084,8.4,or
922,Oro 6,en,,2,0.0072,7.2,or
923,Oro 6,en,,3,0.0074,7.4,or
924,Oro 6,en,,4,0.0049,4.9,or
925,Oro 6,en,,5,0.0073,7.3,or
926,Oro 6,en,,6,0.0077,7.7,or
927,Oro 6,en,,7,0.0075,7.5,or
928,Oro 6,en,,8,0.0066,6.6,or
929,Oro 6,en,,9,0.0067,6.7,or
930,Oro 6,en,,10,0.0081,8.1,or
931,OR,cn,,1,0.015,15,or
932,OR,cn,,2,0.0157,15.7,or
933,OR,cn,,3,0.0142,14.2,or
934,OR,cn,,4,0.0147,14.7,or
935,OR,cn,,5,0.0152,15.2,or
936,OR,cn,,6,0.015,15,or
937,OR,cn,,7,0.0154,15.4,or
938,OR,cn,,8,0.0155,15.5,or
939,OR,cn,,9,0.013,13,or
940,OR,cn,,10,0.015,15,or
941,R10,os,,1,0.0095,9.5,or
942,R10,os,,2,0.0092,9.2,or
943,R10,os,,3,0.0115,11.5,or
944,R10,os,,4,0.0104,10.4,or
945,R10,os,,5,0.0085,8.5,or
946,R10,os,,6,0.0086,8.6,or
947,R10,os,,7,0.0087,8.7,or
948,R10,os,,8,0.0108,10.8,or
949,R10,os,,9,0.01,10,or
950,R10,os,,10,0.0061,6.1,or
951,R10,en,,1,0.0124,12.4,or
952,R10,en,,2,0.0118,11.8,or
953,R10,en,,3,0.0111,11.1,or
954,R10,en,,4,0.012,12,or
955,R10,en,,5,0.0129,12.9,or
956,R10,en,,6,0.0108,10.8,or
957,R10,en,,7,0.0115,11.5,or
958,R10,en,,8,0.0111,11.1,or
959,R10,en,,9,0.0112,11.2,or
960,R10,en,,10,0.0105,10.5,or
961,R10,cn,,1,0.0148,14.8,or
962,R10,cn,,2,0.0092,9.2,or
963,R10,cn,,3,0.0152,15.2,or
964,R10,cn,,4,0.0139,13.9,or
965,R10,cn,,5,0.0049,4.9,or
966,R10,cn,,6,0.0125,12.5,or
967,R10,cn,,7,0.0153,15.3,or
968,R10,cn,,8,0.0129,12.9,or
969,R10,cn,,9,0.0097,9.7,or
970,R10,cn,,10,0.0059,5.9,or
971,R42,en,,1,0.0184,18.4,or
972,R42,en,,2,0.0154,15.4,or
973,R42,en,,3,0.0203,20.3,or
974,R42,en,,4,0.0193,19.3,or
975,R42,en,,5,0.0227,22.7,or
976,R42,en,,6,0.0182,18.2,or
977,R42,en,,7,0.0201,20.1,or
978,R42,en,,8,0.0154,15.4,or
979,R42,en,,9,0.0181,18.1,or
980,R42,en,,10,0.0131,13.1,or
981,R42,cn,,1,0.0179,17.9,or
982,R42,cn,,2,0.0197,19.7,or
983,R42,cn,,3,0.0173,17.3,or
984,R42,cn,,4,0.0164,16.4,or
985,R42,cn,,5,0.0201,20.1,or
986,R42,cn,,6,0.0149,14.9,or
987,R42,cn,,7,0.0152,15.2,or
988,R42,cn,,8,0.0155,15.5,or
989,R42,cn,,9,0.016,16,or
990,R42,cn,,10,0.0179,17.9,or
991,R65,cn,,1,0.0131,13.1,or
992,R65,cn,,2,0.0125,12.5,or
993,R65,cn,,3,0.0126,12.6,or
994,R65,cn,,4,0.0124,12.4,or
995,R65,cn,,5,0.0118,11.8,or
996,R65,cn,,6,0.0132,13.2,or
997,R65,cn,,7,0.0126,12.6,or
998,R65,cn,,8,0.0106,10.6,or
999,R65,cn,,9,0.0125,12.5,or
1000,R65,cn,,10,0.0118,11.8,or
1001,R65,en,,1,0.0097,9.7,or
1002,R65,en,,2,0.0099,9.9,or
1003,R65,en,,3,0.0101,10.1,or
1004,R65,en,,4,0.009,9,or
1005,R65,en,,5,0.0091,9.1,or
1006,R65,en,,6,0.0116,11.6,or
1007,R65,en,,7,0.0094,9.4,or
1008,R65,en,,8,0.0102,10.2,or
1009,R65,en,,9,0.0102,10.2,or
1010,R65,en,,10,0.0088,8.8,or
1011,Oro241,en,,1,0.0178,17.8,or
1012,Oro241,en,,2,0.0185,18.5,or
1013,Oro241,en,,3,0.0193,19.3,or
1014,Oro241,en,,4,0.0188,18.8,or
1015,Oro241,en,,5,0.0203,20.3,or
1016,Oro241,en,,6,0.0184,18.4,or
1017,Oro241,en,,7,0.0174,17.4,or
1018,Oro241,en,,8,0.0197,19.7,or
1019,Oro241,en,,9,0.0171,17.1,or
1020,Oro241,en,,10,0.0183,18.3,or
1021,Oro241,cn,,1,0.0171,17.1,or
1022,Oro241,cn,,2,0.0153,15.3,or
1023,Oro241,cn,,3,0.0189,18.9,or
1024,Oro241,cn,,4,0.0162,16.2,or
1025,Oro241,cn,,5,0.0166,16.6,or
1026,Oro241,cn,,6,0.0161,16.1,or
1027,Oro241,cn,,7,0.0176,17.6,or
1028,Oro241,cn,,8,0.0167,16.7,or
1029,Oro241,cn,,9,0.0196,19.6,or
1030,Oro241,cn,,10,0.0145,14.5,or
1031,Oro224,en,,1,0.0135,13.5,or
1032,Oro224,en,,2,0.0152,15.2,or
1033,Oro224,en,,3,0.0154,15.4,or
1034,Oro224,en,,4,0.0148,14.8,or
1035,Oro224,en,,5,0.0146,14.6,or
1036,Oro224,en,,6,0.0151,15.1,or
1037,Oro224,en,,7,0.015,15,or
1038,Oro224,en,,8,0.0178,17.8,or
1039,Oro224,en,,9,0.0151,15.1,or
1040,Oro224,en,,10,0.0125,12.5,or
1041,Oro224,oc,,1,0.0211,21.1,or
1042,Oro224,oc,,2,0.0175,17.5,or
1043,Oro224,oc,,3,0.0141,14.1,or
1044,Oro224,oc,,4,0.0151,15.1,or
1045,Oro224,oc,,5,0.0166,16.6,or
1046,Oro224,oc,,6,0.0162,16.2,or
1047,Oro224,oc,,7,0.016,16,or
1048,Oro224,oc,,8,0.0162,16.2,or
1049,Oro224,oc,,9,0.0171,17.1,or
1050,Oro224,oc,,10,0.0182,18.2,or
1051,Oro224,cn,,1,0.0119,11.9,or
1052,Oro224,cn,,2,0.0158,15.8,or
1053,Oro224,cn,,3,0.0135,13.5,or
1054,Oro224,cn,,4,0.0124,12.4,or
1055,Oro224,cn,,5,0.014,14,or
1056,Oro224,cn,,6,0.0147,14.7,or
1057,Oro224,cn,,7,0.0142,14.2,or
1058,Oro224,cn,,8,0.0159,15.9,or
1059,Oro224,cn,,9,0.0144,14.4,or
1060,Oro224,cn,,10,0.0147,14.7,or
1061,J63,en,,1,0.0056,5.6,oc
1062,J63,en,,2,0.0051,5.1,oc
1063,J63,en,,3,0.0064,6.4,oc
1064,J63,en,,4,0.0058,5.8,oc
1065,J63,en,,5,0.0059,5.9,oc
1066,J63,en,,6,0.0065,6.5,oc
1067,J63,en,,7,0.0056,5.6,oc
1068,J63,en,,8,0.0064,6.4,oc
1069,J63,en,,9,0.0055,5.5,oc
1070,J63,en,,10,0.006,6,oc
1071,c19,cn,,1,0.0042,4.2,oc
1072,c20,cn,,2,0.0047,4.7,oc
1073,c21,cn,,3,0.004,4,oc
1074,c22,cn,,4,0.0037,3.7,oc
1075,c23,cn,,5,0.0035,3.5,oc
1076,c24,cn,,6,0.0036,3.6,oc
1077,c25,cn,,7,0.0042,4.2,oc
1078,c26,cn,,8,0.0052,5.2,oc
1079,c27,cn,,9,0.004,4,oc
1080,c28,cn,,10,0.0042,4.2,oc
1081,C34,cn,,1,0.0086,8.6,oc
1082,C34,cn,,2,0.0079,7.9,oc
1083,J54,en,,1,0.0057,5.7,oc
1084,J54,en,,2,0.0046,4.6,oc
1085,J54,en,,3,0.0061,6.1,oc
1086,J54,en,,4,0.0064,6.4,oc
1087,J54,en,,5,0.0057,5.7,oc
1088,J54,en,,6,0.0073,7.3,oc
1089,J54,en,,7,0.0061,6.1,oc
1090,J54,en,,8,0.0067,6.7,oc
1091,J54,en,,9,0.007,7,oc
1092,J54,en,,10,0.0068,6.8,oc
1093,J46,en,,1,0.0089,8.9,oc
1094,J46,en,,2,0.009,9,oc
1095,J46,en,,3,0.0073,7.3,oc
1096,J46,en,,4,0.0099,9.9,oc
1097,J46,en,,5,0.008,8,oc
1098,J46,en,,6,0.0094,9.4,oc
1099,J46,en,,7,0.0045,4.5,oc
1100,J46,en,,8,0.0085,8.5,oc
1101,J46,en,,9,0.0106,10.6,oc
1102,J46,en,,10,0.0081,8.1,oc
1103,C57,cn,,1,0.0068,6.8,oc
1104,C57,cn,,2,0.0061,6.1,oc
1105,C57,cn,,3,0.0052,5.2,oc
1106,C57,cn,,4,0.0056,5.6,oc
1107,C57,cn,,5,0.0058,5.8,oc
1108,C57,cn,,6,0.0057,5.7,oc
1109,C57,cn,,7,0.0066,6.6,oc
1110,C57,cn,,8,0.007,7,oc
1111,C57,cn,,9,0.0059,5.9,oc
1112,C57,cn,,10,0.0066,6.6,oc
1113,C53,cn,,1,0.0058,5.8,oc
1114,C53,cn,,2,0.0112,11.2,oc
1115,C53,cn,,3,0.0055,5.5,oc
1116,C53,cn,,4,0.0131,13.1,oc
1117,C53,cn,,5,0.0075,7.5,oc
1118,C53,cn,,6,0.0123,12.3,oc
1119,C53,cn,,7,0.0077,7.7,oc
1120,C53,cn,,8,0.0036,3.6,oc
1121,C53,cn,,9,0.0057,5.7,oc
1122,C53,cn,,10,0.0067,6.7,oc
1123,c50,en,,1,0.0071,7.1,oc
1124,c50,en,,2,0.0073,7.3,oc
1125,c50,en,,3,0.0084,8.4,oc
1126,c50,en,,4,0.0081,8.1,oc
1127,c50,en,,5,0.0087,8.7,oc
1128,c50,en,,6,0.0088,8.8,oc
1129,c50,en,,7,0.0092,9.2,oc
1130,c50,en,,8,0.0085,8.5,oc
1131,c50,en,,9,0.0082,8.2,oc
1132,c50,en,,10,0.0081,8.1,oc
1133,c40,en,,1,0.0034,3.4,oc
1134,c40,en,,2,0.0031,3.1,oc
1135,c40,en,,3,0.0015,1.5,oc
1136,c40,en,,4,0.0033,3.3,oc
1137,c40,en,,5,0.0042,4.2,oc
1138,c40,en,,6,0.0045,4.5,oc
1139,c40,en,,7,0.0032,3.2,oc
1140,c40,en,,8,0.0056,5.6,oc
1141,c40,en,,9,0.0055,5.5,oc
1142,c40,en,,10,0.0059,5.9,oc
1143,c52,en,,1,0.0097,9.7,oc
1144,c52,en,,2,0.0075,7.5,oc
1145,c52,en,,3,0.0095,9.5,oc
1146,c52,en,,4,0.0098,9.8,oc
1147,c52,en,,5,0.0094,9.4,oc
1148,c52,en,,6,0.009,9,oc
1149,c52,en,,7,0.0103,10.3,oc
1150,c52,en,,8,0.0079,7.9,oc
1151,c52,en,,9,0.0088,8.8,oc
1152,c52,en,,10,0.0087,8.7,oc
1153,c17,en,,1,0.0079,7.9,oc
1154,c17,en,,2,0.0101,10.1,oc
1155,c17,en,,3,0.0098,9.8,oc
1156,c17,en,,4,0.0085,8.5,oc
1157,c17,en,,5,0.0083,8.3,oc
1158,c17,en,,6,0.0092,9.2,oc
1159,c17,en,,7,0.0082,8.2,oc
1160,c17,en,,8,0.0096,9.6,oc
1161,c17,en,,9,0.0088,8.8,oc
1162,c17,en,,10,0.0119,11.9,oc
1163,C5-1,cn,,1,0.011,11,oc
1164,C5-1,cn,,2,0.0051,5.1,oc
1165,C5-1,cn,,3,0.0062,6.2,oc
1166,C5-1,cn,,4,0.0074,7.4,oc
1167,C5-1,cn,,5,0.0092,9.2,oc
1168,C5-1,cn,,6,0.0088,8.8,oc
1169,C5-1,cn,,7,0.0034,3.4,oc
1170,C5-1,cn,,8,0.009,9,oc
1171,C5-1,cn,,9,0.0044,4.4,oc
1172,C5-1,cn,,10,0.0078,7.8,oc
1173,C30,cn,,1,0.0073,7.3,oc
1174,C30,cn,,2,0.0078,7.8,oc
1175,C30,cn,,3,0.0073,7.3,oc
1176,C30,cn,,4,0.0072,7.2,oc
1177,C30,cn,,5,0.0071,7.1,oc
1178,C30,cn,,6,0.0079,7.9,oc
1179,C30,cn,,7,0.0077,7.7,oc
1180,C30,cn,,8,0.0067,6.7,oc
1181,C30,cn,,9,0.0088,8.8,oc
1182,C30,cn,,10,0.0071,7.1,oc
1183,C51,cn,,1,0.0073,7.3,oc
1184,C51,cn,,2,0.0075,7.5,oc
1185,C51,cn,,3,0.0065,6.5,oc
1186,C51,cn,,4,0.0072,7.2,oc
1187,C51,cn,,5,0.0073,7.3,oc
1188,C51,cn,,6,0.0081,8.1,oc
1189,C51,cn,,7,0.0065,6.5,oc
1190,C51,cn,,8,0.0064,6.4,oc
1191,C51,cn,,9,0.0069,6.9,oc
1192,C51,cn,,10,0.0064,6.4,oc
1193,J68,gt,,1,0.0086,8.6,oc
1194,J68,gt,,2,0.0107,10.7,oc
1195,J68,gt,,3,0.0094,9.4,oc
1196,J68,gt,,4,0.0103,10.3,oc
1197,J68,gt,,5,0.0091,9.1,oc
1198,J68,gt,,6,0.01,10,oc
1199,J68,gt,,7,0.0092,9.2,oc
1200,J68,gt,,8,0.0097,9.7,oc
1201,J68,gt,,9,0.0108,10.8,oc
1202,J68,gt,,10,0.0094,9.4,oc
1203,C42,en,,1,0.0064,6.4,oc
1204,C42,en,,2,0.0063,6.3,oc
1205,C42,en,,3,0.0069,6.9,oc
1206,C42,en,,4,0.0066,6.6,oc
1207,C42,en,,5,0.0082,8.2,oc
1208,C42,en,,6,0.0065,6.5,oc
1209,C42,en,,7,0.0068,6.8,oc
1210,C42,en,,8,0.0061,6.1,oc
1211,C42,en,,9,0.0067,6.7,oc
1212,C42,en,,10,0.0065,6.5,oc
1213,J36,en,,1,0.0093,9.3,oc
1214,J36,en,,2,0.0079,7.9,oc
1215,J36,en,,3,0.0093,9.3,oc
1216,J36,en,,4,0.0089,8.9,oc
1217,J36,en,,5,0.0098,9.8,oc
1218,J36,en,,6,0.007,7,oc
1219,J36,en,,7,0.0077,7.7,oc
1220,J36,en,,8,0.0086,8.6,oc
1221,J36,en,,9,0.0076,7.6,oc
1222,J36,en,,10,0.0078,7.8,oc
1223,C26,en,,1,0.0106,10.6,oc
1224,C26,en,,2,0.0081,8.1,oc
1225,C26,en,,3,0.0101,10.1,oc
1226,C26,en,,4,0.0074,7.4,oc
1227,C26,en,,5,0.0094,9.4,oc
1228,C26,en,,6,0.0089,8.9,oc
1229,C26,en,,7,0.0089,8.9,oc
1230,C26,en,,8,0.0104,10.4,oc
1231,C26,en,,9,0.0085,8.5,oc
1232,C26,en,,10,0.0108,10.8,oc
1233,C21,en,,1,0.0068,6.8,oc
1234,C21,en,,2,0.0069,6.9,oc
1235,C21,en,,3,0.0072,7.2,oc
1236,C21,en,,4,0.0071,7.1,oc
1237,C21,en,,5,0.0072,7.2,oc
1238,C21,en,,6,0.0064,6.4,oc
1239,C21,en,,7,0.0075,7.5,oc
1240,C21,en,,8,0.0047,4.7,oc
1241,C21,en,,9,0.00064,0.64,oc
1242,C21,en,,10,0.0068,6.8,oc
1243,J69.1,cn,,1,0.002,2,oc
1244,J69.1,cn,,2,0.0025,2.5,oc
1245,J69.1,cn,,3,0.0081,8.1,oc
1246,J69.1,cn,,4,0.0036,3.6,oc
1247,J69.1,cn,,5,0.0035,3.5,oc
1248,J69.1,cn,,6,0.0078,7.8,oc
1249,J69.1,cn,,7,0.0068,6.8,oc
1250,J69.1,cn,,8,0.0077,7.7,oc
1251,J69.1,cn,,9,0.0074,7.4,oc
1252,J69.1,cn,,10,0.0017,1.7,oc
1253,C57,en,,1,0.0077,7.7,oc
1254,C57,en,,2,0.0058,5.8,oc
1255,C57,en,,3,0.0067,6.7,oc
1256,C57,en,,4,0.0138,13.8,oc
1257,C57,en,,5,0.0111,11.1,oc
1258,C57,en,,6,0.0136,13.6,oc
1259,C57,en,,7,0.0117,11.7,oc
1260,C57,en,,8,0.0119,11.9,oc
1261,C57,en,,9,0.0138,13.8,oc
1262,C57,en,,10,0.0093,9.3,oc
1263,C57,cn,,1,0.0091,9.1,oc
1264,C57,cn,,2,0.0099,9.9,oc
1265,C57,cn,,3,0.0091,9.1,oc
1266,C57,cn,,4,0.0086,8.6,oc
1267,C57,cn,,5,0.0087,8.7,oc
1268,C57,cn,,6,0.0056,5.6,oc
1269,C57,cn,,7,0.0079,7.9,oc
1270,C57,cn,,8,0.0036,3.6,oc
1271,C57,cn,,9,0.0017,1.7,oc
1272,C57,cn,,10,0.0035,3.5,oc
1273,C38,cn,,1,0.0099,9.9,oc
1274,C38,cn,,2,0.0107,10.7,oc
1275,C38,cn,,3,0.0112,11.2,oc
1276,C38,cn,,4,0.0102,10.2,oc
1277,C38,cn,,5,0.0088,8.8,oc
1278,C38,cn,,6,0.0103,10.3,oc
1279,C38,cn,,7,0.0114,11.4,oc
1280,C38,cn,,8,0.0092,9.2,oc
1281,C38,cn,,9,0.0095,9.5,oc
1282,C38,cn,,10,0.0101,10.1,oc
1283,C38,en,,1,0.0064,6.4,oc
1284,C38,en,,2,0.0051,5.1,oc
1285,C38,en,,3,0.0077,7.7,oc
1286,C38,en,,4,0.0073,7.3,oc
1287,C38,en,,5,0.0083,8.3,oc
1288,C38,en,,6,0.0072,7.2,oc
1289,C38,en,,7,0.0069,6.9,oc
1290,C38,en,,8,0.0086,8.6,oc
1291,C38,en,,9,0.0095,9.5,oc
1292,C38,en,,10,0.0083,8.3,oc
1293,C43,en,,1,0.0046,4.6,oc
1294,C43,en,,2,0.0039,3.9,oc
1295,C43,en,,3,0.0045,4.5,oc
1296,C43,en,,4,0.0052,5.2,oc
1297,C43,en,,5,0.0044,4.4,oc
1298,C43,en,,6,0.0051,5.1,oc
1299,C43,en,,7,0.0049,4.9,oc
1300,C43,en,,8,0.0056,5.6,oc
1301,C43,en,,9,0.0053,5.3,oc
1302,C43,en,,10,0.0049,4.9,oc
1303,C43,au,,1,0.0057,5.7,oc
1304,C43,au,,2,0.0068,6.8,oc
1305,C43,au,,3,0.0058,5.8,oc
1306,C43,au,,4,0.0061,6.1,oc
1307,C43,au,,5,0.0059,5.9,oc
1308,C43,au,,6,0.0058,5.8,oc
1309,C43,au,,7,0.0061,6.1,oc
1310,C43,au,,8,0.0068,6.8,oc
1311,C43,au,,9,0.0023,2.3,oc
1312,C43,au,,10,0.0074,7.4,oc
1313,C55,cn,,1,0.0103,10.3,oc
1314,C55,cn,,2,0.013,13,oc
1315,C55,cn,,3,0.0101,10.1,oc
1316,C55,cn,,4,0.0108,10.8,oc
1317,C55,cn,,5,0.0113,11.3,oc
1318,C55,cn,,6,0.0112,11.2,oc
1319,C55,cn,,7,0.0114,11.4,oc
1320,C55,cn,,8,0.0101,10.1,oc
1321,C55,cn,,9,0.0109,10.9,oc
1322,C55,cn,,10,0.0123,12.3,oc
1323,C55,en,,1,0.013,13,oc
1324,C55,en,,2,0.0105,10.5,oc
1325,C55,en,,3,0.0111,11.1,oc
1326,C55,en,,4,0.0135,13.5,oc
1327,C55,en,,5,0.0119,11.9,oc
1328,C55,en,,6,0.012,12,oc
1329,C55,en,,7,0.01,10,oc
1330,C55,en,,8,0.0121,12.1,oc
1331,C55,en,,9,0.0107,10.7,oc
1332,C55,en,,10,0.0122,12.2,oc
1333,C19,cn,,1,0.0071,7.1,oc
1334,C19,cn,,2,0.0061,6.1,oc
1335,C19,cn,,3,0.0063,6.3,oc
1336,C19,cn,,4,0.0068,6.8,oc
1337,C19,cn,,5,0.004,4,oc
1338,C19,cn,,6,0.0062,6.2,oc
1339,C19,cn,,7,0.0074,7.4,oc
1340,C19,cn,,8,0.0037,3.7,oc
1341,C19,cn,,9,0.0061,6.1,oc
1342,C19,cn,,10,0.0074,7.4,oc
1343,C19,en,,1,0.0049,4.9,oc
1344,C19,en,,2,0.0087,8.7,oc
1345,C19,en,,3,0.0066,6.6,oc
1346,C19,en,,4,0.0067,6.7,oc
1347,C19,en,,5,0.0055,5.5,oc
1348,C19,en,,6,0.0054,5.4,oc
1349,C19,en,,7,0.0076,7.6,oc
1350,C19,en,,8,0.0065,6.5,oc
1351,C19,en,,9,0.0072,7.2,oc
1352,C19,en,,10,0.0066,6.6,oc
1353,C4,en,,1,0.0044,4.4,oc
1354,C4,en,,2,0.0038,3.8,oc
1355,C4,en,,3,0.0047,4.7,oc
1356,C4,en,,4,0.0045,4.5,oc
1357,C4,en,,5,0.0042,4.2,oc
1358,C4,en,,6,0.0041,4.1,oc
1359,C4,en,,7,0.006,6,oc
1360,C4,en,,8,0.0043,4.3,oc
1361,C4,en,,9,0.0049,4.9,oc
1362,C4,en,,10,0.0051,5.1,oc
1363,C4,cn,,1,0.0032,3.2,oc
1364,C4,cn,,2,0.0028,2.8,oc
1365,C4,cn,,3,0.0034,3.4,oc
1366,C4,cn,,4,0.0027,2.7,oc
1367,C4,cn,,5,0.0013,1.3,oc
1368,C4,cn,,6,0.0008,0.8,oc
1369,C4,cn,,7,0.0014,1.4,oc
1370,T14,cn,,1,0.0195,19.5,ot
1371,T14,cn,,2,0.0197,19.7,ot
1372,T14,cn,,3,0.0193,19.3,ot
1373,T14,cn,,4,0.0195,19.5,ot
1374,T14,cn,,5,0.0181,18.1,ot
1375,T14,cn,,6,0.0128,12.8,ot
1376,T14,cn,,7,0.0204,20.4,ot
1377,T14,cn,,8,0.011,11,ot
1378,T14,cn,,9,0.0188,18.8,ot
1379,T14,cn,,10,0.0228,22.8,ot
1380,T14,en,,1,0.0192,19.2,ot
1381,T14,en,,2,0.0159,15.9,ot
1382,T14,en,,3,0.0164,16.4,ot
1383,T14,en,,4,0.0138,13.8,ot
1384,T14,en,,5,0.0111,11.1,ot
1385,T14,en,,6,0.014,14,ot
1386,T14,en,,7,0.0179,17.9,ot
1387,T14,en,,8,0.0175,17.5,ot
1388,T14,en,,9,0.0167,16.7,ot
1389,T14,en,,10,0.0136,13.6,ot
1390,T14,os,,1,0.0205,20.5,ot
1391,T14,os,,2,0.0176,17.6,ot
1392,T14,os,,3,0.0178,17.8,ot
1393,T14,os,,4,0.0195,19.5,ot
1394,T14,os,,5,0.0229,22.9,ot
1395,T14,os,,6,0.0209,20.9,ot
1396,T14,os,,7,0.0165,16.5,ot
1397,T14,os,,8,0.0236,23.6,ot
1398,T14,os,,9,0.0248,24.8,ot
1399,T14,os,,10,0.0202,20.2,ot
1400,T14,oc,,1,0.0171,17.1,ot
1401,T14,oc,,2,0.0177,17.7,ot
1402,T14,oc,,3,0.0202,20.2,ot
1403,T14,oc,,4,0.0206,20.6,ot
1404,T14,oc,,5,0.0196,19.6,ot
1405,T55,os,,1,0.0169,16.9,ot
1406,T55,os,,2,0.0207,20.7,ot
1407,T55,os,,3,0.0186,18.6,ot
1408,T55,os,,4,0.0187,18.7,ot
1409,T55,cn,,1,0.0167,16.7,ot
1410,T55,cn,,2,0.017,17,ot
1411,T55,cn,,3,0.0197,19.7,ot
1412,T55,cn,,4,0.0171,17.1,ot
1413,T55,cn,,5,0.0175,17.5,ot
1414,T55,cn,,6,0.0209,20.9,ot
1415,T55,cn,,7,0.0188,18.8,ot
1416,T55,cn,,8,0.0158,15.8,ot
1417,T55,cn,,9,0.0154,15.4,ot
1418,T55,cn,,10,0.0154,15.4,ot
1419,T56,oc,,1,0.0218,21.8,ot
1420,T56,oc,,2,0.0123,12.3,ot
1421,T56,oc,,3,0.0135,13.5,ot
1422,T56,oc,,4,0.0157,15.7,ot
1423,T56,oc,,5,0.0165,16.5,ot
1424,T56,oc,,6,0.0138,13.8,ot
1425,T56,oc,,7,0.021,21,ot
1426,T56,oc,,8,0.0179,17.9,ot
1427,T56,oc,,9,0.0131,13.1,ot
1428,T56,oc,,10,0.0138,13.8,ot
1429,T56,au,,1,0.0203,20.3,ot
1430,T56,au,,2,0.0204,20.4,ot
1431,T56,au,,3,0.0224,22.4,ot
1432,T56,au,,4,0.0211,21.1,ot
1433,T56,au,,5,0.0188,18.8,ot
1434,T56,au,,6,0.0232,23.2,ot
1435,T56,au,,7,0.0164,16.4,ot
1436,T56,au,,8,0.0191,19.1,ot
1437,T56,au,,9,0.0135,13.5,ot
1438,T56,au,,10,0.0206,20.6,ot
1439,T56,cn,,1,0.0246,24.6,ot
1440,T56,cn,,2,0.0175,17.5,ot
1441,T56,cn,,3,0.0188,18.8,ot
1442,T56,cn,,4,0.0214,21.4,ot
1443,T56,cn,,5,0.0187,18.7,ot
1444,T56,cn,,6,0.0184,18.4,ot
1445,T56,cn,,7,0.0155,15.5,ot
1446,T56,cn,,8,0.0219,21.9,ot
1447,T56,cn,,9,0.0163,16.3,ot
1448,T56,cn,,10,0.0193,19.3,ot
1449,T56,or,,1,0.0159,15.9,ot
1450,T56,or,,2,0.0138,13.8,ot
1451,T56,or,,3,0.0157,15.7,ot
1452,T56,or,,4,0.0193,19.3,ot
1453,T56,or,,5,0.0158,15.8,ot
1454,T56,or,,6,0.0191,19.1,ot
1455,T56,or,,7,0.0156,15.6,ot
1456,T56,or,,8,0.0165,16.5,ot
1457,T56,or,,9,0.0175,17.5,ot
1458,T56,or,,10,0.0206,20.6,ot
1459,T56,os,,1,0.0128,12.8,ot
1460,T56,os,,2,0.0191,19.1,ot
1461,T56,os,,3,0.0159,15.9,ot
1462,T56,os,,4,0.0191,19.1,ot
1463,T56,os,,5,0.0193,19.3,ot
1464,T56,os,,6,0.0172,17.2,ot
1465,T56,os,,7,0.0159,15.9,ot
1466,T56,os,,8,0.0153,15.3,ot
1467,T56,os,,9,0.013,13,ot
1468,T56,os,,10,0.0207,20.7,ot
1469,T7,oc,,1,0.0203,20.3,ot
1470,T7,oc,,2,0.0225,22.5,ot
1471,T7,oc,,3,0.0264,26.4,ot
1472,T7,oc,,4,0.0211,21.1,ot
1473,T7,oc,,5,0.0211,21.1,ot
1474,T7,oc,,6,0.0202,20.2,ot
1475,T7,oc,,7,0.0192,19.2,ot
1476,T7,oc,,8,0.0229,22.9,ot
1477,T7,oc,,9,0.0222,22.2,ot
1478,T7,oc,,10,0.0273,27.3,ot
1479,T7,en,,1,0.0198,19.8,ot
1480,T7,en,,2,0.0259,25.9,ot
1481,T7,en,,3,0.0213,21.3,ot
1482,T7,en,,4,0.0232,23.2,ot
1483,T7,en,,5,0.0222,22.2,ot
1484,T7,en,,6,0.0189,18.9,ot
1485,T7,en,,7,0.0237,23.7,ot
1486,T7,en,,8,0.0178,17.8,ot
1487,T7,en,,9,0.0226,22.6,ot
1488,T7,en,,10,0.0163,16.3,ot
1489,T7,cn,,1,0.0207,20.7,ot
1490,T7,cn,,2,0.0228,22.8,ot
1491,T7,cn,,3,0.0217,21.7,ot
1492,T7,cn,,4,0.0189,18.9,ot
1493,T7,cn,,5,0.0246,24.6,ot
1494,T7,cn,,6,0.0236,23.6,ot
1495,T7,cn,,7,0.02,20,ot
1496,T7,cn,,8,0.0215,21.5,ot
1497,T7,cn,,9,0.0208,20.8,ot
1498,T7,cn,,10,0.0202,20.2,ot
1499,T7,os,,1,0.0192,19.2,ot
1500,T7,os,,2,0.0214,21.4,ot
1501,T7,os,,3,0.0194,19.4,ot
1502,T7,os,,4,0.0289,28.9,ot
1503,T7,os,,5,0.0263,26.3,ot
1504,T7,os,,6,0.0224,22.4,ot
1505,T7,os,,7,0.0221,22.1,ot
1506,T7,os,,8,0.0226,22.6,ot
1507,T7,os,,9,0.0181,18.1,ot
1508,T7,os,,10,0.0195,19.5,ot
1509,s22,en,,1,0.0123,12.3,os
1510,s23,en,,2,0.0144,14.4,os
1511,s24,en,,3,0.0121,12.1,os
1512,s25,en,,4,0.0162,16.2,os
1513,s26,en,,5,0.0157,15.7,os
1514,g223,ot,,1,0.0138,13.8,os
1515,g223,ot,,2,0.0173,17.3,os
1516,g223,ot,,3,0.0176,17.6,os
1517,g223,ot,,4,0.0149,14.9,os
1518,g223,ot,,5,0.0175,17.5,os
1519,g223,ot,,6,0.0115,11.5,os
1520,g223,ot,,7,0.019,19,os
1521,g223,ot,,8,0.0145,14.5,os
1522,g223,ot,,9,0.0136,13.6,os
1523,g223,ot,,10,0.0082,8.2,os
1524,g223,or,,1,0.0112,11.2,os
1525,g223,or,,2,0.0161,16.1,os
1526,g223,or,,3,0.0153,15.3,os
1527,g223,or,,4,0.0172,17.2,os
1528,g223,or,,5,0.0152,15.2,os
1529,g223,or,,6,0.0113,11.3,os
1530,g223,or,,7,0.0131,13.1,os
1531,g223,or,,8,0.0164,16.4,os
1532,g223,or,,9,0.0147,14.7,os
1533,g223,or,,10,0.0154,15.4,os
1534,g254,oc,,1,0.0135,13.5,os
1535,g254,oc,,2,0.0132,13.2,os
1536,g254,oc,,3,0.0141,14.1,os
1537,g254,oc,,4,0.015,15,os
1538,g254,oc,,5,0.0118,11.8,os
1539,g254,oc,,6,0.0121,12.1,os
1540,g254,oc,,7,0.0132,13.2,os
1541,g254,oc,,8,0.0113,11.3,os
1542,g254,oc,,9,0.0147,14.7,os
1543,g254,oc,,10,0.0155,15.5,os
1544,g254,or,,1,0.0136,13.6,os
1545,g254,or,,2,0.0141,14.1,os
1546,g254,or,,3,0.0124,12.4,os
1547,g254,or,,4,0.0162,16.2,os
1548,g254,or,,5,0.0133,13.3,os
1549,g254,or,,6,0.0147,14.7,os
1550,g254,or,,7,0.0149,14.9,os
1551,g254,or,,8,0.0145,14.5,os
1552,g254,or,,9,0.0129,12.9,os
1553,g254,or,,10,0.0115,11.5,os
1554,g282,ot,,1,0.0212,21.2,os
1555,g282,ot,,2,0.0241,24.1,os
1556,g282,ot,,3,0.0201,20.1,os
1557,g282,ot,,4,0.0204,20.4,os
1558,g282,ot,,5,0.0244,24.4,os
1559,g282,ot,,6,0.0276,27.6,os
1560,g282,ot,,7,0.0229,22.9,os
1561,g282,ot,,8,0.0224,22.4,os
1562,g282,ot,,9,0.0104,10.4,os
1563,g282,ot,,10,0.022,22,os
1564,g282,oc,,1,0.0157,15.7,os
1565,g282,oc,,2,0.0184,18.4,os
1566,g282,oc,,3,0.0203,20.3,os
1567,g282,oc,,4,0.0213,21.3,os
1568,g282,oc,,5,0.0197,19.7,os
1569,g282,oc,,6,0.0153,15.3,os
1570,g282,oc,,7,0.019,19,os
1571,g282,oc,,8,0.0236,23.6,os
1572,g282,oc,,9,0.0163,16.3,os
1573,g282,oc,,10,0.0177,17.7,os
1574,g282,or,,1,0.0034,3.4,os
1575,g282,or,,2,0.018,18,os
1576,g282,or,,3,0.0022,2.2,os
1577,g282,or,,4,0.0015,1.5,os
1578,g37,oc,,1,0.014,14,os
1579,g37,oc,,2,0.0132,13.2,os
1580,g37,oc,,3,0.0162,16.2,os
1581,g37,oc,,4,0.013,13,os
1582,g37,oc,,5,0.0137,13.7,os
1583,g37,oc,,6,0.0118,11.8,os
1584,g37,oc,,7,0.0154,15.4,os
1585,g37,oc,,8,0.0153,15.3,os
1586,g37,oc,,9,0.0158,15.8,os
1587,g37,oc,,10,0.0143,14.3,os
1588,g37,ot,,1,0.0153,15.3,os
1589,g37,ot,,2,0.0138,13.8,os
1590,g37,ot,,3,0.0151,15.1,os
1591,g37,ot,,4,0.0132,13.2,os
1592,g37,ot,,5,0.0153,15.3,os
1593,g37,ot,,6,0.0139,13.9,os
1594,g37,ot,,7,0.0159,15.9,os
1595,g37,ot,,8,0.0146,14.6,os
1596,g37,ot,,9,0.0136,13.6,os
1597,g37,ot,,10,0.0134,13.4,os
1598,cc,ot,,1,0.0175,17.5,os
1599,cc,ot,,2,0.0154,15.4,os
1600,cc,ot,,3,0.0216,21.6,os
1601,cc,ot,,4,0.0214,21.4,os
1602,cc,ot,,5,0.0158,15.8,os
1603,cc,ot,,6,0.0172,17.2,os
1604,cc,ot,,7,0.0132,13.2,os
1605,cc,ot,,8,0.0148,14.8,os
1606,cc,ot,,9,0.015,15,os
1607,cc,ot,,10,0.0154,15.4,os
1608,cc,or,,1,0.0126,12.6,os
1609,cc,or,,2,0.0149,14.9,os
1610,cc,or,,3,0.0137,13.7,os
1611,cc,or,,4,0.0144,14.4,os
1612,cc,or,,5,0.0123,12.3,os
1613,cc,or,,6,0.0139,13.9,os
1614,cc,or,,7,0.0148,14.8,os
1615,cc,or,,8,0.0141,14.1,os
1616,cc,or,,9,0.0144,14.4,os
1617,cc,or,,10,0.0122,12.2,os
1618,cc,oc,,1,0.0147,14.7,os
1619,cc,oc,,2,0.0181,18.1,os
1620,cc,oc,,3,0.0189,18.9,os
1621,cc,oc,,4,0.0192,19.2,os
1622,cc,oc,,5,0.0196,19.6,os
1623,cc,oc,,6,0.0167,16.7,os
1624,cc,oc,,7,0.0173,17.3,os
1625,cc,oc,,8,0.0168,16.8,os
1626,cc,oc,,9,0.0165,16.5,os
1627,cc,oc,,10,0.0161,16.1,os
1628,g35,ot,,1,0.0139,13.9,os
1629,g35,ot,,2,0.0143,14.3,os
1630,g35,ot,,3,0.0173,17.3,os
1631,g35,or,,4,0.0146,14.6,os
1632,g35,or,,5,0.0118,11.8,os
1633,g35,or,,6,0.0144,14.4,os
1634,g35,or,,7,0.0139,13.9,os
1635,g35,or,,8,0.0126,12.6,os
1636,g35,or,,9,0.0101,10.1,os
1637,g35,oc,,1,0.0144,14.4,os
1638,s19,oc,,1,0.0096,9.6,os
1639,s19,oc,,2,0.0099,9.9,os
1640,s19,oc,,3,0.0094,9.4,os
1641,s19,oc,,4,0.0114,11.4,os
1642,s19,oc,,5,0.0108,10.8,os
1643,s19,oc,,6,0.011,11,os
1644,s19,oc,,7,0.0112,11.2,os
1645,s19,oc,,8,0.0111,11.1,os
1646,s19,oc,,9,0.0103,10.3,os
1647,s19,oc,,10,0.0107,10.7,os
1648,s19,or,,1,0.0121,12.1,os
1649,s19,or,,2,0.0099,9.9,os
1650,s19,or,,3,0.0182,18.2,os
1651,s19,or,,4,0.0163,16.3,os
1652,s19,or,,5,0.013,13,os
1653,s19,or,,6,0.0164,16.4,os
1654,s19,or,,7,0.0153,15.3,os
1655,s19,or,,8,0.0135,13.5,os
1656,s19,or,,9,0.0141,14.1,os
1657,s19,or,,10,0.0125,12.5,os
1658,s19,ot,,1,0.0165,16.5,os
1659,g14,or,,1,0.0173,17.3,os
1660,g14,or,,2,0.0196,19.6,os
1661,g14,or,,3,0.0183,18.3,os
1662,g14,or,,4,0.0201,20.1,os
1663,g14,or,,5,0.0181,18.1,os
1664,g14,or,,6,0.0185,18.5,os
1665,g14,or,,7,0.019,19,os
1666,g14,or,,8,0.0198,19.8,os
1667,g14,or,,9,0.0184,18.4,os
1668,g14,or,,10,0.0196,19.6,os
1669,g14,oc,,1,0.0198,19.8,os
1670,g14,oc,,2,0.0209,20.9,os
1671,g14,oc,,3,0.0207,20.7,os
1672,g14,oc,,4,0.0214,21.4,os
1673,g14,oc,,5,0.0166,16.6,os
1674,g14,oc,,6,0.0187,18.7,os
1675,g14,oc,,7,0.0168,16.8,os
1676,g14,oc,,8,0.0175,17.5,os
1677,g14,oc,,9,0.0219,21.9,os
1678,g14,oc,,10,0.0157,15.7,os
1679,g14,ot,,1,0.0204,20.4,os
1680,g14,ot,,2,0.0207,20.7,os
1681,g14,ot,,3,0.0208,20.8,os
1682,g14,ot,,4,0.0177,17.7,os
1683,g14,ot,,5,0.0193,19.3,os
1684,g14,ot,,6,0.0186,18.6,os
1685,g14,ot,,7,0.0179,17.9,os
1686,g14,ot,,8,0.0217,21.7,os
1687,g14,ot,,9,0.02,20,os
1688,g14,ot,,10,0.0194,19.4,os
1689,g234,ot,,1,0.0122,12.2,os
1690,g234,ot,,2,0.013,13,os
1691,g234,ot,,3,0.0123,12.3,os
1692,g234,ot,,4,0.0133,13.3,os
1693,g234,ot,,5,0.0114,11.4,os
1694,g234,ot,,6,0.0128,12.8,os
1695,g234,ot,,7,0.0117,11.7,os
1696,g234,ot,,8,0.0127,12.7,os
1697,g234,ot,,9,0.0121,12.1,os
1698,g234,ot,,10,0.0113,11.3,os
1699,g234,oc,,1,0.0184,18.4,os
1700,g234,oc,,2,0.0167,16.7,os
1701,g234,oc,,3,0.0159,15.9,os
1702,g234,oc,,4,0.0144,14.4,os
1703,g234,oc,,5,0.0139,13.9,os
1704,g234,oc,,6,0.0128,12.8,os
1705,g234,oc,,7,0.0148,14.8,os
1706,g234,oc,,8,0.0146,14.6,os
1707,g234,oc,,9,0.0189,18.9,os
1708,g234,oc,,10,0.0165,16.5,os
1709,g225,oc,,1,0.0173,17.3,os
1710,g225,oc,,2,0.0161,16.1,os
1711,g225,oc,,3,0.0151,15.1,os
1712,g225,oc,,4,0.0171,17.1,os
1713,g225,oc,,5,0.0199,19.9,os
1714,g225,oc,,6,0.0067,6.7,os
1715,g225,oc,,7,0.0054,5.4,os
1716,g225,oc,,8,0.0176,17.6,os
1717,g225,ot,,1,0.0148,14.8,os
1718,g225,ot,,2,0.0152,15.2,os
1719,g225,ot,,3,0.0175,17.5,os
1720,g225,ot,,4,0.0169,16.9,os
1721,g225,ot,,5,0.0165,16.5,os
1722,g225,ot,,6,0.0171,17.1,os
1723,g225,ot,,7,0.0164,16.4,os
1724,g225,ot,,8,0.0171,17.1,os
1725,g225,ot,,9,0.0122,12.2,os
1726,g225,ot,,10,0.0154,15.4,os
1727,g181,ot,,1,0.0114,11.4,os
1728,g181,ot,,2,0.0116,11.6,os
1729,g181,ot,,3,0.0114,11.4,os
1730,g181,ot,,4,0.0122,12.2,os
1731,g181,ot,,5,0.0103,10.3,os
1732,g181,ot,,6,0.0125,12.5,os
1733,g181,ot,,7,0.0139,13.9,os
1734,g181,ot,,8,0.0128,12.8,os
1735,g181,ot,,9,0.0117,11.7,os
1736,g181,ot,,10,0.0112,11.2,os
1737,g87,ot,,1,0.0233,23.3,os
1738,g87,ot,,2,0.0208,20.8,os
1739,g87,ot,,3,0.0214,21.4,os
1740,g87,ot,,4,0.0219,21.9,os
1741,g87,ot,,5,0.0201,20.1,os
1742,g87,ot,,6,0.0226,22.6,os
1743,g87,ot,,7,0.0228,22.8,os
1744,g87,ot,,8,0.0221,22.1,os
1745,g87,ot,,9,0.0228,22.8,os
1746,g87,ot,,10,0.0193,19.3,os
1747,g227,ot,,1,0.0116,11.6,os
1748,g227,ot,,2,0.0148,14.8,os
1749,g227,ot,,3,0.0122,12.2,os
1750,g227,ot,,4,0.0126,12.6,os
1751,g227,ot,,5,0.0137,13.7,os
1752,g227,ot,,6,0.0129,12.9,os
1753,g227,ot,,7,0.0132,13.2,os
1754,g227,ot,,8,0.0116,11.6,os
1755,g227,ot,,9,0.016,16,os
1756,g227,ot,,10,0.0114,11.4,os
1757,g226,ot,,1,0.0129,12.9,os
1758,g226,ot,,2,0.0163,16.3,os
1759,g226,ot,,3,0.0147,14.7,os
1760,g226,ot,,4,0.0125,12.5,os
1761,g226,ot,,5,0.0139,13.9,os
1762,g226,ot,,6,0.0128,12.8,os
1763,g226,ot,,7,0.0134,13.4,os
1764,g226,ot,,8,0.0114,11.4,os
1765,g226,ot,,9,0.0156,15.6,os
1766,g226,ot,,10,0.0132,13.2,os
1767,g45,or,,1,0.0134,13.4,os
1768,g45,or,,2,0.0132,13.2,os
1769,g45,or,,3,0.012,12,os
1770,g45,or,,4,0.0115,11.5,os
1771,g45,or,,5,0.0117,11.7,os
1772,g45,or,,6,0.0101,10.1,os
1773,g45,or,,7,0.0132,13.2,os
1774,g45,or,,8,0.0115,11.5,os
1775,g45,or,,9,0.0105,10.5,os
1776,g45,or,,10,0.0097,9.7,os
1777,s28,oc,,1,0.0041,4.1,os
1778,s28,oc,,2,0.0118,11.8,os
1779,g4,ot,,1,0.0143,14.3,os
1780,g4,ot,,2,0.0124,12.4,os
1781,g4,ot,,3,0.0086,8.6,os
1782,g4,ot,,4,0.0181,18.1,os
1783,t10,au,,1,0.0169,16.9,ot
1784,t10,au,,2,0.0173,17.3,ot
1785,t10,au,,3,0.0154,15.4,ot
1786,t10,au,,4,0.0143,14.3,ot
1787,t10,au,,5,0.0135,13.5,ot
1788,t10,au,,6,0.0142,14.2,ot
1789,t10,au,,7,0.0155,15.5,ot
1790,t10,au,,8,0.0147,14.7,ot
1791,t10,au,,9,0.0129,12.9,ot
1792,t10,au,,10,0.0147,14.7,ot
1793,t10,oc,,1,0.0168,16.8,ot
1794,t10,oc,,2,0.0161,16.1,ot
1795,t10,oc,,3,0.0167,16.7,ot
1796,t10,oc,,4,0.0151,15.1,ot
1797,t10,oc,,5,0.0177,17.7,ot
1798,t10,oc,,6,0.0139,13.9,ot
1799,t10,oc,,7,0.0163,16.3,ot
1800,t10,oc,,8,0.0154,15.4,ot
1801,t10,oc,,9,0.0137,13.7,ot
1802,t10,oc,,10,0.017,17,ot
1803,t10,cn,,1,0.0098,9.8,ot
1804,t10,cn,,2,0.0126,12.6,ot
1805,t10,cn,,3,0.0115,11.5,ot
1806,t10,cn,,4,0.0127,12.7,ot
1807,t10,cn,,5,0.0109,10.9,ot
1808,t10,cn,,6,0.0113,11.3,ot
1809,t10,cn,,7,0.0111,11.1,ot
1810,t10,cn,,8,0.0126,12.6,ot
1811,t10,cn,,9,0.0131,13.1,ot
1812,t10,cn,,10,0.0116,11.6,ot
1813,t10,en,,1,0.0135,13.5,ot
1814,t10,en,,2,0.0113,11.3,ot
1815,t10,en,,3,0.0131,13.1,ot
1816,t10,en,,4,0.0124,12.4,ot
1817,t10,en,,5,0.0133,13.3,ot
1818,t10,en,,6,0.0103,10.3,ot
1819,t10,en,,7,0.0118,11.8,ot
1820,t10,en,,8,0.0141,14.1,ot
1821,t10,en,,9,0.0122,12.2,ot
1822,t10,en,,10,0.0125,12.5,ot
1823,t10,or,,1,0.0188,18.8,ot
1824,t10,or,,2,0.012,12,ot
1825,t10,or,,3,0.018,18,ot
1826,t10,or,,4,0.0181,18.1,ot
1827,t10,or,,5,0.0184,18.4,ot
1828,t10,or,,6,0.0186,18.6,ot
1829,t10,or,,7,0.0191,19.1,ot
1830,t10,or,,8,0.0177,17.7,ot
1831,t10,or,,9,0.0184,18.4,ot
1832,t10,os,,1,0.0095,9.5,ot
1833,t10,os,,2,0.0145,14.5,ot
1834,t10,os,,3,0.0128,12.8,ot
1835,t10,os,,4,0.0154,15.4,ot
1836,t10,os,,5,0.016,16,ot
1837,t10,os,,6,0.0153,15.3,ot
1838,t10,os,,7,0.0141,14.1,ot
1839,t10,os,,8,0.0099,9.9,ot
1840,t10,os,,9,0.0149,14.9,ot
1841,t10,os,,10,0.0161,16.1,ot
1842,t11,au,,1,0.0239,23.9,ot
1843,t11,au,,2,0.0217,21.7,ot
1844,t11,au,,3,0.0163,16.3,ot
1845,t11,au,,4,0.026,26,ot
1846,t11,au,,5,0.024,24,ot
1847,t11,au,,6,0.0189,18.9,ot
1848,t11,au,,7,0.0157,15.7,ot
1849,t11,au,,8,0.0165,16.5,ot
1850,t11,au,,9,0.021,21,ot
1851,t11,au,,10,0.0176,17.6,ot
1852,t11,oc,,1,0.0157,15.7,ot
1853,t11,oc,,2,0.0166,16.6,ot
1854,t11,oc,,3,0.0148,14.8,ot
1855,t11,oc,,4,0.014,14,ot
1856,t11,oc,,5,0.0158,15.8,ot
1857,t11,oc,,6,0.0146,14.6,ot
1858,t11,oc,,7,0.0133,13.3,ot
1859,t11,oc,,8,0.0117,11.7,ot
1860,t11,oc,,9,0.0159,15.9,ot
1861,t11,oc,,10,0.0151,15.1,ot
1862,t11,os,,1,0.0195,19.5,ot
1863,t11,os,,2,0.0206,20.6,ot
1864,t11,os,,3,0.0203,20.3,ot
1865,t11,os,,4,0.0192,19.2,ot
1866,t11,os,,5,0.0202,20.2,ot
1867,t11,os,,6,0.0209,20.9,ot
1868,t11,os,,7,0.0182,18.2,ot
1869,t11,cn,,1,0.0149,14.9,ot
1870,t11,cn,,2,0.0136,13.6,ot
1871,t11,cn,,3,0.0148,14.8,ot
1872,t11,cn,,4,0.023,23,ot
1873,t11,cn,,5,0.0149,14.9,ot
1874,t11,cn,,6,0.0144,14.4,ot
1875,t11,cn,,7,0.0172,17.2,ot
1876,t11,cn,,8,0.0166,16.6,ot
1877,t11,cn,,9,0.0178,17.8,ot
1878,t11,cn,,10,0.0212,21.2,ot
1879,t2,cn,,1,0.0149,14.9,ot
1880,t2,cn,,2,0.0136,13.6,ot
1881,t2,cn,,3,0.0148,14.8,ot
1882,t2,cn,,4,0.023,23,ot
1883,t2,cn,,5,0.0149,14.9,ot
1884,t2,cn,,6,0.0144,14.4,ot
1885,t2,cn,,7,0.0172,17.2,ot
1886,t2,cn,,8,0.0166,16.6,ot
1887,t2,cn,,9,0.0178,17.8,ot
1888,t2,cn,,10,0.0212,21.2,ot
1889,t2,en,,1,0.0168,16.8,ot
1890,t2,en,,2,0.0129,12.9,ot
1891,t2,os,,1,0.0179,17.9,ot
1892,t2,os,,2,0.0116,11.6,ot
1893,t2,os,,3,0.0106,10.6,ot
1894,t25,ag,,1,0.0193,19.3,ot
1895,t25,ag,,2,0.0148,14.8,ot
1896,t25,ag,,3,0.0157,15.7,ot
1897,t25,ag,,4,0.0211,21.1,ot
1898,t25,ag,,5,0.0157,15.7,ot
1899,t25,ag,,6,0.0192,19.2,ot
1900,t25,ag,,7,0.0159,15.9,ot
1901,t25,ag,,8,0.0174,17.4,ot
1902,t25,ag,,9,0.0186,18.6,ot
1903,t25,ag,,10,0.0177,17.7,ot
1904,t25,or,,1,0.0139,13.9,ot
1905,t25,or,,2,0.0165,16.5,ot
1906,t25,or,,3,0.0201,20.1,ot
1907,t25,or,,4,0.0235,23.5,ot
1908,t25,or,,5,0.0168,16.8,ot
1909,t25,or,,6,0.0183,18.3,ot
1910,t25,or,,7,0.0164,16.4,ot
1911,t25,or,,8,0.0166,16.6,ot
1912,t25,or,,9,0.0204,20.4,ot
1913,t27,au,,1,0.0191,19.1,ot
1914,t27,au,,2,0.016,16,ot
1915,t27,au,,3,0.018,18,ot
1916,t27,au,,4,0.0211,21.1,ot
1917,t27,au,,5,0.0153,15.3,ot
1918,t27,au,,6,0.0138,13.8,ot
1919,t27,au,,7,0.02,20,ot
1920,t27,au,,8,0.0166,16.6,ot
1921,t27,au,,9,0.0149,14.9,ot
1922,t27,au,,10,0.0135,13.5,ot
1923,t27,oc,,1,0.0172,17.2,ot
1924,t27,oc,,2,0.0223,22.3,ot
1925,t27,oc,,3,0.0198,19.8,ot
1926,t27,oc,,4,0.0201,20.1,ot
1927,t27,oc,,5,0.023,23,ot
1928,t27,oc,,6,0.0186,18.6,ot
1929,t27,oc,,7,0.0193,19.3,ot
1930,t27,oc,,8,0.0209,20.9,ot
1931,t27,oc,,9,0.0165,16.5,ot
1932,t27,oc,,10,0.0203,20.3,ot
1933,t27,cn,,1,0.0196,19.6,ot
1934,t27,cn,,2,0.0192,19.2,ot
1935,t27,cn,,3,0.0184,18.4,ot
1936,t27,cn,,4,0.0148,14.8,ot
1937,t27,cn,,5,0.0182,18.2,ot
1938,t27,cn,,6,0.0202,20.2,ot
1939,t27,cn,,7,0.0209,20.9,ot
1940,t27,cn,,8,0.0192,19.2,ot
1941,t27,cn,,9,0.0189,18.9,ot
1942,t27,cn,,10,0.0172,17.2,ot
1943,t27,en,,1,0.0296,29.6,ot
1944,t27,en,,2,0.0291,29.1,ot
1945,t27,en,,3,0.0306,30.6,ot
1946,t27,en,,4,0.0272,27.2,ot
1947,t27,en,,5,0.0326,32.6,ot
1948,t27,en,,6,0.0316,31.6,ot
1949,t27,en,,7,0.0256,25.6,ot
1950,t27,en,,8,0.0272,27.2,ot
1951,t27,en,,9,0.0274,27.4,ot
1952,t27,en,,10,0.027,27,ot
1953,t27,os,,1,0.0221,22.1,ot
1954,t27,os,,2,0.0227,22.7,ot
1955,t27,os,,3,0.0194,19.4,ot
1956,t27,os,,4,0.0122,12.2,ot
1957,t27,os,,5,0.0229,22.9,ot
1958,t27,os,,6,0.0227,22.7,ot
1959,t27,os,,7,0.0171,17.1,ot
1960,t27,os,,8,0.0208,20.8,ot
1961,t27,os,,9,0.0195,19.5,ot
1962,t27,os,,10,0.0154,15.4,ot
1963,t3,ag,,1,0.021,21,ot
1964,t3,ag,,2,0.0229,22.9,ot
1965,t3,ag,,3,0.0179,17.9,ot
1966,t3,ag,,4,0.0178,17.8,ot
1967,t3,ag,,5,0.0214,21.4,ot
1968,t3,ag,,6,0.0151,15.1,ot
1969,t3,ag,,7,0.0217,21.7,ot
1970,t3,ag,,8,0.0123,12.3,ot
1971,t3,ag,,9,0.0152,15.2,ot
1972,t3,ag,,10,0.0154,15.4,ot
1973,t3,cn,,1,0.0168,16.8,ot
1974,t3,cn,,2,0.0191,19.1,ot
1975,t3,cn,,3,0.0138,13.8,ot
1976,t3,cn,,4,0.0202,20.2,ot
1977,t3,cn,,5,0.0182,18.2,ot
1978,t3,cn,,6,0.0205,20.5,ot
1979,t3,cn,,7,0.0152,15.2,ot
1980,t3,cn,,8,0.0156,15.6,ot
1981,t3,cn,,9,0.0201,20.1,ot
1982,t3,cn,,10,0.0145,14.5,ot
1983,t3,or,,1,0.0215,21.5,ot
1984,t3,or,,2,0.0187,18.7,ot
1985,t3,or,,3,0.0241,24.1,ot
1986,t3,or,,4,0.0223,22.3,ot
1987,t3,or,,5,0.0138,13.8,ot
1988,t3,or,,6,0.027,27,ot
1989,t3,or,,7,0.0176,17.6,ot
1990,t3,or,,8,0.0191,19.1,ot
1991,t3,or,,9,0.0156,15.6,ot
1992,t3,or,,10,0.0096,9.6,ot
1993,t7,au,,1,0.0226,22.6,ot
1994,t7,au,,2,0.0184,18.4,ot
1995,t7,au,,3,0.0192,19.2,ot
1996,t7,au,,4,0.0213,21.3,ot
1997,t7,au,,5,0.0192,19.2,ot
1998,t7,au,,6,0.0175,17.5,ot
1999,t7,au,,7,0.0223,22.3,ot
2000,t7,au,,8,0.0163,16.3,ot
2001,t7,au,,9,0.0181,18.1,ot
2002,t7,au,,10,0.0184,18.4,ot
2003,t7,or,,1,0.0225,22.5,ot
2004,t7,or,,2,0.0219,21.9,ot
2005,t7,or,,3,0.026,26,ot
2006,t7,or,,4,0.0228,22.8,ot
2007,t7,or,,5,0.0169,16.9,ot
2008,t7,or,,6,0.0267,26.7,ot
2009,t7,or,,7,0.0243,24.3,ot
2010,t7,or,,8,0.0205,20.5,ot
2011,t7,or,,9,0.0191,19.1,ot
2012,t7,or,,10,0.0218,21.8,ot
2013,t9,au,,1,0.0203,20.3,ot
2014,t9,au,,2,0.0227,22.7,ot
2015,t9,au,,3,0.0258,25.8,ot
2016,t9,au,,4,0.0241,24.1,ot
2017,t9,au,,5,0.0164,16.4,ot
2018,t9,au,,6,0.0207,20.7,ot
2019,t9,au,,7,0.0258,25.8,ot
2020,t9,au,,8,0.0197,19.7,ot
2021,t9,au,,9,0.0239,23.9,ot
2022,t9,au,,10,0.0191,19.1,ot
2023,t9,cn,,1,0.0151,15.1,ot
2024,t9,cn,,2,0.016,16,ot
2025,t9,cn,,3,0.016,16,ot
2026,t9,cn,,4,0.0121,12.1,ot
2027,t9,cn,,5,0.0147,14.7,ot
2028,t9,cn,,6,0.012,12,ot
2029,t9,cn,,7,0.0168,16.8,ot
2030,t9,cn,,8,0.0203,20.3,ot
2031,t9,cn,,9,0.0158,15.8,ot
2032,t9,cn,,10,0.0157,15.7,ot
2033,t9,en,,1,0.0183,18.3,ot
2034,t9,en,,2,0.0236,23.6,ot
2035,t9,en,,3,0.0179,17.9,ot
2036,t9,en,,4,0.0196,19.6,ot
2037,t9,en,,5,0.0283,28.3,ot
2038,t9,en,,6,0.017,17,ot
2039,t9,en,,7,0.0215,21.5,ot
2040,t9,en,,8,0.0222,22.2,ot
2041,t9,en,,9,0.0158,15.8,ot
2042,t9,en,,10,0.0189,18.9,ot
2043,t9,oc,,1,0.0222,22.2,ot
2044,t9,oc,,2,0.0202,20.2,ot
2045,t9,oc,,3,0.0157,15.7,ot
2046,t9,oc,,4,0.0198,19.8,ot
2047,t9,oc,,5,0.0199,19.9,ot
2048,t9,oc,,6,0.0207,20.7,ot
2049,t9,oc,,7,0.0183,18.3,ot
2050,t9,oc,,8,0.0235,23.5,ot
2051,t9,oc,,9,0.022,22,ot
2052,t9,oc,,10,0.0167,16.7,ot
2053,t9,or,,1,0.0194,19.4,ot
2054,t9,or,,2,0.0218,21.8,ot
2055,t9,or,,3,0.0248,24.8,ot
2056,t9,or,,4,0.0225,22.5,ot
2057,t9,or,,5,0.0216,21.6,ot
2058,t9,or,,6,0.0206,20.6,ot
2059,t9,or,,7,0.0233,23.3,ot
2060,t9,or,,8,0.0192,19.2,ot
2061,t9,or,,9,0.0185,18.5,ot
2062,t9,or,,10,0.0215,21.5,ot
2063,t9,os,,1,0.0292,29.2,ot
2064,t9,os,,2,0.0254,25.4,ot
2065,t9,os,,3,0.0184,18.4,ot
2066,t9,os,,4,0.0199,19.9,ot
2067,t9,os,,5,0.0253,25.3,ot
2068,t9,os,,6,0.0261,26.1,ot
2069,t9,os,,7,0.0212,21.2,ot
2070,t9,os,,8,0.0231,23.1,ot
2071,t9,os,,9,0.0223,22.3,ot
2072,t9,os,,10,0.0251,25.1,ot
2073,s19,ot,,1,0.0121,12.1,os
2074,s19,ot,,2,0.0099,9.9,os
2075,s19,ot,,3,0.0182,18.2,os
2076,s19,ot,,4,0.0163,16.3,os
2077,s19,ot,,5,0.013,13,os
2078,s19,ot,,6,0.0164,16.4,os
2079,s19,ot,,7,0.0153,15.3,os
2080,s19,ot,,8,0.0135,13.5,os
2081,s19,ot,,9,0.0141,14.1,os
2082,s19,ot,,10,0.0125,12.5,os
2083,s19,oc,,1,0.0165,16.5,os
2084,s22,oc,,1,0.0123,12.3,os
2085,s22,oc,,2,0.0144,14.4,os
2086,s22,oc,,3,0.0121,12.1,os
2087,s22,oc,,4,0.0162,16.2,os
2088,s22,oc,,5,0.0157,15.7,os
2089,t23,au,,1,0.0179,17.9,ot
2090,t23,au,,2,0.0189,18.9,ot
2091,t23,au,,3,0.0198,19.8,ot
2092,t23,au,,4,0.0185,18.5,ot
2093,t23,au,,5,0.0161,16.1,ot
2094,t23,au,,6,0.0142,14.2,ot
2095,t23,au,,7,0.0212,21.2,ot
2096,t23,au,,8,0.0135,13.5,ot
2097,t23,au,,9,0.0171,17.1,ot
2098,t23,au,,10,0.0153,15.3,ot
2099,T22,or,,1,0.0221,22.1,ot
2100,T22,or,,2,0.0171,17.1,ot
2101,T22,or,,3,0.0175,17.5,ot
2102,T22,or,,4,0.0222,22.2,ot
2103,T22,or,,5,0.0218,21.8,ot
2104,T22,or,,6,0.0157,15.7,ot
2105,T22,or,,7,0.0185,18.5,ot
2106,T22,or,,8,0.0216,21.6,ot
2107,T22,or,,9,0.016,16,ot
2108,T22,or,,10,0.0187,18.7,ot
2109,T22,en,,1,0.0196,19.6,ot
2110,T22,en,,2,0.0179,17.9,ot
2111,T22,en,,3,0.0195,19.5,ot
2112,T22,en,,4,0.0203,20.3,ot
2113,T22,en,,5,0.0218,21.8,ot
2114,T22,en,,6,0.0167,16.7,ot
2115,T22,en,,7,0.0188,18.8,ot
2116,T22,en,,8,0.0205,20.5,ot
2117,T22,en,,9,0.0176,17.6,ot
2118,T22,en,,10,0.0208,20.8,ot
2119,T22,oc,,1,0.0215,21.5,ot
2120,T22,oc,,2,0.0251,25.1,ot
2121,T22,oc,,3,0.0234,23.4,ot
2122,T22,oc,,4,0.025,25,ot
2123,T22,oc,,5,0.0266,26.6,ot
2124,T22,oc,,6,0.0243,24.3,ot
2125,T22,oc,,7,0.0251,25.1,ot
2126,T22,oc,,8,0.0215,21.5,ot
2127,T22,oc,,9,0.025,25,ot
2128,T22,oc,,10,0.0245,24.5,ot
2129,T22,au,,1,0.0296,29.6,ot
2130,T22,au,,2,0.0316,31.6,ot
2131,T22,au,,3,0.0213,21.3,ot
2132,T22,au,,4,0.0202,20.2,ot
2133,T22,au,,5,0.0205,20.5,ot
2134,T22,au,,6,0.0203,20.3,ot
2135,T22,au,,7,0.0221,22.1,ot
2136,T22,au,,8,0.0203,20.3,ot
2137,T22,au,,9,0.0201,20.1,ot
2138,T22,au,,10,0.0162,16.2,ot
2139,T22,cn,,1,0.0285,28.5,ot
2140,T22,cn,,2,0.0215,21.5,ot
2141,T22,cn,,3,0.0267,26.7,ot
2142,T22,cn,,4,0.0209,20.9,ot
2143,T22,cn,,5,0.0259,25.9,ot
2144,T22,cn,,6,0.0225,22.5,ot
2145,T22,cn,,7,0.0198,19.8,ot
2146,T22,cn,,8,0.0152,15.2,ot
2147,T22,cn,,9,0.0215,21.5,ot
2148,T22,cn,,10,0.0219,21.9,ot
2149,T22,os,,1,0.0265,26.5,ot
2150,T22,os,,2,0.0271,27.1,ot
2151,T22,os,,3,0.0198,19.8,ot
2152,T22,os,,4,0.0233,23.3,ot
2153,T22,os,,5,0.0246,24.6,ot
2154,T22,os,,6,0.0268,26.8,ot
2155,T22,os,,7,0.0271,27.1,ot
2156,T22,os,,8,0.0245,24.5,ot
2157,T22,os,,9,0.027,27,ot
2158,T22,os,,10,0.0287,28.7,ot
2159,T32,or,,1,0.0143,14.3,ot
2160,T32,or,,2,0.0167,16.7,ot
2161,T32,or,,3,0.0134,13.4,ot
2162,T32,or,,4,0.0184,18.4,ot
2163,T32,or,,5,0.0156,15.6,ot
2164,T32,or,,6,0.0137,13.7,ot
2165,T32,or,,7,0.0154,15.4,ot
2166,T32,or,,8,0.0168,16.8,ot
2167,T32,or,,9,0.0149,14.9,ot
2168,T32,or,,10,0.0141,14.1,ot
2169,T32,en,,1,0.0176,17.6,ot
2170,T32,en,,2,0.0191,19.1,ot
2171,T32,en,,3,0.0236,23.6,ot
2172,T32,en,,4,0.0175,17.5,ot
2173,T32,en,,5,0.0173,17.3,ot
2174,T32,en,,6,0.0218,21.8,ot
2175,T32,en,,7,0.0171,17.1,ot
2176,T32,en,,8,0.0175,17.5,ot
2177,T32,en,,9,0.0209,20.9,ot
2178,T32,en,,10,0.0175,17.5,ot
2179,T32,os,,1,0.0166,16.6,ot
2180,T32,os,,2,0.0161,16.1,ot
2181,T32,os,,3,0.0171,17.1,ot
2182,T32,os,,4,0.0166,16.6,ot
2183,T32,os,,5,0.0163,16.3,ot
2184,T32,os,,6,0.0162,16.2,ot
2185,T32,os,,7,0.0201,20.1,ot
2186,T32,os,,8,0.0172,17.2,ot
2187,T32,os,,9,0.0194,19.4,ot
2188,T32,os,,10,0.0159,15.9,ot
2189,T32,cn,,1,0.0164,16.4,ot
2190,T32,cn,,2,0.0189,18.9,ot
2191,T32,cn,,3,0.0188,18.8,ot
2192,T32,cn,,4,0.0137,13.7,ot
2193,T32,cn,,5,0.0124,12.4,ot
2194,T32,cn,,6,0.0153,15.3,ot
2195,T32,cn,,7,0.0176,17.6,ot
2196,T32,cn,,8,0.0181,18.1,ot
2197,T32,cn,,9,0.0178,17.8,ot
2198,T32,cn,,10,0.0153,15.3,ot
2199,T32,oc,,1,0.0193,19.3,ot
2200,T32,oc,,2,0.0187,18.7,ot
2201,T32,oc,,3,0.0171,17.1,ot
2202,T32,oc,,4,0.0187,18.7,ot
2203,T32,oc,,5,0.0156,15.6,ot
2204,T32,oc,,6,0.0184,18.4,ot
2205,T32,oc,,7,0.0169,16.9,ot
2206,T32,oc,,8,0.0172,17.2,ot
2207,T32,oc,,9,0.0187,18.7,ot
2208,T32,oc,,10,0.0165,16.5,ot
2209,T32,au,,1,0.0207,20.7,ot
2210,T32,au,,2,0.0177,17.7,ot
2211,T32,au,,3,0.0203,20.3,ot
2212,T32,au,,4,0.0159,15.9,ot
2213,T32,au,,5,0.0186,18.6,ot
2214,T32,au,,6,0.0192,19.2,ot
2215,T32,au,,7,0.0171,17.1,ot
2216,T32,au,,8,0.0168,16.8,ot
2217,T32,au,,9,0.0147,14.7,ot
2218,T32,au,,10,0.0156,15.6,ot
2219,T59,en,,1,0.0197,19.7,ot
2220,T59,en,,2,0.0161,16.1,ot
2221,T59,en,,3,0.0167,16.7,ot
2222,T59,en,,4,0.0136,13.6,ot
2223,T59,en,,5,0.0162,16.2,ot
2224,T59,en,,6,0.0161,16.1,ot
2225,T59,en,,7,0.0204,20.4,ot
2226,T59,en,,8,0.0142,14.2,ot
2227,T59,en,,9,0.0175,17.5,ot
2228,T59,en,,10,0.0183,18.3,ot
2229,T59,oc,,1,0.0214,21.4,ot
2230,T59,oc,,2,0.0217,21.7,ot
2231,T59,oc,,3,0.0209,20.9,ot
2232,T59,oc,,4,0.0213,21.3,ot
2233,T59,oc,,5,0.0227,22.7,ot
2234,T59,oc,,6,0.0258,25.8,ot
2235,T59,oc,,7,0.0233,23.3,ot
2236,T59,oc,,8,0.0213,21.3,ot
2237,T59,oc,,9,0.0227,22.7,ot
2238,T59,oc,,10,0.0221,22.1,ot
2239,T59,au,,1,0.0208,20.8,ot
2240,T59,au,,2,0.0173,17.3,ot
2241,T59,au,,3,0.0187,18.7,ot
2242,T59,au,,4,0.0256,25.6,ot
2243,T59,au,,5,0.0198,19.8,ot
2244,T59,au,,6,0.016,16,ot
2245,T59,au,,7,0.0173,17.3,ot
2246,T59,au,,8,0.0174,17.4,ot
2247,T59,au,,9,0.0238,23.8,ot
2248,T59,au,,10,0.0188,18.8,ot
2249,T59,cn,,1,0.0174,17.4,ot
2250,T59,cn,,2,0.0196,19.6,ot
2251,T59,cn,,3,0.0124,12.4,ot
2252,T59,cn,,4,0.013,13,ot
2253,T59,cn,,5,0.0148,14.8,ot
2254,T59,cn,,6,0.018,18,ot
2255,T59,cn,,7,0.0177,17.7,ot
2256,T59,cn,,8,0.0171,17.1,ot
2257,T59,cn,,9,0.0147,14.7,ot
2258,T59,cn,,10,0.0132,13.2,ot
2259,T59,os,,1,0.0226,22.6,ot
2260,T59,os,,2,0.0181,18.1,ot
2261,T59,os,,3,0.0175,17.5,ot
2262,T59,os,,4,0.0161,16.1,ot
2263,T59,os,,5,0.0168,16.8,ot
2264,T59,os,,6,0.0147,14.7,ot
2265,T59,os,,7,0.0188,18.8,ot
2266,T59,os,,8,0.0156,15.6,ot
2267,T59,os,,9,0.0133,13.3,ot
2268,T59,os,,10,0.0228,22.8,ot
2269,T59,or,,1,0.0143,14.3,ot
2270,T59,or,,2,0.0128,12.8,ot
2271,T59,or,,3,0.0133,13.3,ot
2272,T59,or,,4,0.0179,17.9,ot
2273,T59,or,,5,0.012,12,ot
2274,T59,or,,6,0.0162,16.2,ot
2275,T59,or,,7,0.0156,15.6,ot
2276,T59,or,,8,0.0104,10.4,ot
2277,T59,or,,9,0.0148,14.8,ot
2278,T59,or,,10,0.0137,13.7,ot
2279,T26,au,,1,0.0167,16.7,ot
2280,T26,au,,2,0.0122,12.2,ot
2281,T26,au,,3,0.0176,17.6,ot
2282,T26,au,,4,0.0212,21.2,ot
2283,T26,au,,5,0.0198,19.8,ot
2284,T26,au,,6,0.0173,17.3,ot
2285,T26,au,,7,0.019,19,ot
2286,T26,au,,8,0.0161,16.1,ot
2287,T26,au,,9,0.0149,14.9,ot
2288,T26,au,,10,0.0189,18.9,ot
2289,T26,cn,,1,0.015,15,ot
2290,T26,cn,,2,0.0179,17.9,ot
2291,T26,cn,,3,0.0172,17.2,ot
2292,T26,cn,,4,0.0203,20.3,ot
2293,T26,cn,,5,0.0173,17.3,ot
2294,T26,cn,,6,0.0163,16.3,ot
2295,T26,cn,,7,0.0156,15.6,ot
2296,T26,cn,,8,0.0161,16.1,ot
2297,T26,cn,,9,0.017,17,ot
2298,T26,cn,,10,0.0152,15.2,ot
2299,T26,en,,1,0.0216,21.6,ot
2300,T26,en,,2,0.0149,14.9,ot
2301,T26,en,,3,0.0252,25.2,ot
2302,T26,en,,4,0.0201,20.1,ot
2303,T26,en,,5,0.024,24,ot
2304,T26,en,,6,0.0233,23.3,ot
2305,T26,en,,7,0.0214,21.4,ot
2306,T26,en,,8,0.0201,20.1,ot
2307,T26,en,,9,0.0178,17.8,ot
2308,T26,en,,10,0.0203,20.3,ot
2309,T26,ag,,1,0.0218,21.8,ot
2310,T26,ag,,2,0.0212,21.2,ot
2311,T26,ag,,3,0.0222,22.2,ot
2312,T26,ag,,4,0.0201,20.1,ot
2313,T26,ag,,5,0.0201,20.1,ot
2314,T26,ag,,6,0.0205,20.5,ot
2315,T26,ag,,7,0.0205,20.5,ot
2316,T26,or,,1,0.0181,18.1,ot
2317,T26,or,,2,0.0237,23.7,ot
2318,T26,or,,3,0.0213,21.3,ot
2319,T26,or,,4,0.0212,21.2,ot
2320,T26,or,,5,0.0238,23.8,ot
2321,T26,or,,6,0.0182,18.2,ot
2322,T26,or,,7,0.0231,23.1,ot
2323,T26,or,,8,0.0211,21.1,ot
2324,T26,or,,9,0.0215,21.5,ot
2325,T26,or,,10,0.0197,19.7,ot
2326,T57,au,,1,0.019,19,ot
2327,T57,au,,2,0.0156,15.6,ot
2328,T57,au,,3,0.0182,18.2,ot
2329,T57,au,,4,0.0157,15.7,ot
2330,T57,au,,5,0.0159,15.9,ot
2331,T57,au,,6,0.0166,16.6,ot
2332,T57,au,,7,0.0172,17.2,ot
2333,T57,au,,8,0.0166,16.6,ot
2334,T57,au,,9,0.0133,13.3,ot
2335,T57,au,,10,0.0164,16.4,ot
2336,T57,ag,,1,0.0186,18.6,ot
2337,T57,ag,,2,0.0188,18.8,ot
2338,T57,ag,,3,0.0144,14.4,ot
2339,T57,ag,,4,0.0231,23.1,ot
2340,T57,ag,,5,0.0156,15.6,ot
2341,T57,ag,,6,0.0201,20.1,ot
2342,T57,ag,,7,0.0216,21.6,ot
2343,T57,ag,,8,0.0184,18.4,ot
2344,T57,ag,,9,0.0165,16.5,ot
2345,T57,ag,,10,0.0153,15.3,ot
2346,T57,oc,,1,0.0125,12.5,ot
2347,T57,oc,,2,0.0133,13.3,ot
2348,T57,oc,,3,0.0123,12.3,ot
2349,T57,oc,,4,0.0119,11.9,ot
2350,T57,oc,,5,0.0123,12.3,ot
2351,T57,oc,,6,0.0134,13.4,ot
2352,T57,oc,,7,0.0094,9.4,ot
2353,T57,oc,,8,0.0142,14.2,ot
2354,T57,oc,,9,0.0123,12.3,ot
2355,T57,oc,,10,0.0132,13.2,ot
2356,T57,en,,1,0.0082,8.2,ot
2357,T57,en,,2,0.0169,16.9,ot
2358,T57,en,,3,0.0058,5.8,ot
2359,T57,os,,1,0.0081,8.1,ot
2360,T57,or,,1,0.0127,12.7,ot
2361,T57,or,,2,0.0196,19.6,ot
2362,T57,or,,3,0.0091,9.1,ot
2363,T57,or,,4,0.0206,20.6,ot
2364,T57,or,,5,0.0166,16.6,ot
2365,T57,or,,6,0.0155,15.5,ot
2366,T57,or,,7,0.0106,10.6,ot
2367,T57,or,,8,0.0147,14.7,ot
2368,T57,or,,9,0.0139,13.9,ot
2369,T57,or,,10,0.0156,15.6,ot
2370,T57,cn,,1,0.0174,17.4,ot
2371,T57,cn,,2,0.0129,12.9,ot
2372,T57,cn,,3,0.0135,13.5,ot
2373,T57,cn,,4,0.0192,19.2,ot
2374,T57,cn,,5,0.0154,15.4,ot
2375,T57,cn,,6,0.0168,16.8,ot
2376,T57,cn,,7,0.0144,14.4,ot
2377,T57,cn,,8,0.0178,17.8,ot
2378,T57,cn,,9,0.0131,13.1,ot
2379,T57,cn,,10,0.0105,10.5,ot
2380,T3-2,cn,,1,0.0102,10.2,ot
2381,T3-2,cn,,2,0.0128,12.8,ot
2382,T3-2,cn,,3,0.0117,11.7,ot
2383,T3-2,cn,,4,0.0131,13.1,ot
2384,T3-2,cn,,5,0.0136,13.6,ot
2385,T3-2,cn,,6,0.011,11,ot
2386,T3-2,cn,,7,0.0125,12.5,ot
2387,T3-2,cn,,8,0.0107,10.7,ot
2388,T3-2,cn,,9,0.0114,11.4,ot
2389,T3-2,cn,,10,0.0099,9.9,ot
2390,T3-2,au,,1,0.0184,18.4,ot
2391,T3-2,au,,2,0.0182,18.2,ot
2392,T3-2,au,,3,0.0175,17.5,ot
2393,T3-2,au,,4,0.0182,18.2,ot
2394,T3-2,au,,5,0.0164,16.4,ot
2395,T3-2,au,,6,0.0176,17.6,ot
2396,T3-2,au,,7,0.0176,17.6,ot
2397,T3-2,au,,8,0.0175,17.5,ot
2398,T3-2,au,,9,0.0179,17.9,ot
2399,T3-2,au,,10,0.0154,15.4,ot
2400,T3-2,oc,,1,0.0194,19.4,ot
2401,T3-2,oc,,2,0.0191,19.1,ot
2402,T3-2,oc,,3,0.0201,20.1,ot
2403,T3-2,oc,,4,0.0209,20.9,ot
2404,T3-2,oc,,5,0.0167,16.7,ot
2405,T3-2,oc,,6,0.0186,18.6,ot
2406,T3-2,oc,,7,0.0208,20.8,ot
2407,T3-2,oc,,8,0.0175,17.5,ot
2408,T3-2,oc,,9,0.0187,18.7,ot
2409,T3-2,oc,,10,0.0172,17.2,ot
2410,T21,au,,1,0.0156,15.6,ot
2411,T21,au,,2,0.0157,15.7,ot
2412,T21,au,,3,0.0151,15.1,ot
2413,T21,au,,4,0.0149,14.9,ot
2414,T21,au,,5,0.0144,14.4,ot
2415,T21,au,,6,0.0158,15.8,ot
2416,T21,au,,7,0.0117,11.7,ot
2417,T21,au,,8,0.0135,13.5,ot
2418,T21,au,,9,0.0106,10.6,ot
2419,T21,au,,10,0.0143,14.3,ot
2420,T21,en,,1,0.0207,20.7,ot
2421,T21,en,,2,0.0187,18.7,ot
2422,T21,en,,3,0.0209,20.9,ot
2423,T21,en,,4,0.0191,19.1,ot
2424,T21,en,,5,0.0186,18.6,ot
2425,T21,oc,,1,0.0144,14.4,ot
2426,T21,or,,1,0.0272,27.2,ot
2427,T21,or,,2,0.0243,24.3,ot
2428,T21,or,,3,0.0224,22.4,ot
2429,T21,or,,4,0.0257,25.7,ot
2430,T21,or,,5,0.0208,20.8,ot
2431,T21,or,,6,0.0257,25.7,ot
2432,T58,oc,,1,0.0127,12.7,ot
2433,T58,or,,1,0.0196,19.6,ot
2434,T58,or,,2,0.0145,14.5,ot
2435,T58,or,,3,0.0147,14.7,ot
2436,T58,or,,4,0.0168,16.8,ot
2437,T58,or,,5,0.0177,17.7,ot
2438,T58,or,,6,0.0146,14.6,ot
2439,T58,or,,7,0.0152,15.2,ot
2440,T58,au,,1,0.0175,17.5,ot
2441,T58,au,,2,0.0171,17.1,ot
2442,T58,au,,3,0.0153,15.3,ot
2443,T58,au,,4,0.0158,15.8,ot
2444,T58,au,,5,0.0156,15.6,ot
2445,T58,au,,6,0.0165,16.5,ot
2446,T24,cn,,1,0.0157,15.7,ot
2447,T24,cn,,2,0.0225,22.5,ot
2448,T24,cn,,3,0.0196,19.6,ot
2449,T24,cn,,4,0.0246,24.6,ot
2450,T24,cn,,5,0.0214,21.4,ot
2451,T24,cn,,6,0.0236,23.6,ot
2452,T24,cn,,7,0.0197,19.7,ot
2453,T24,cn,,8,0.0198,19.8,ot
2454,T24,cn,,9,0.0234,23.4,ot
2455,T24,cn,,10,0.0231,23.1,ot
2456,T24,os,,1,0.0222,22.2,ot
2457,T24,os,,2,0.0196,19.6,ot
2458,T24,os,,3,0.0151,15.1,ot
2459,T24,os,,4,0.0179,17.9,ot
2460,T24,os,,5,0.0152,15.2,ot
2461,T24,os,,6,0.0203,20.3,ot
2462,T24,os,,7,0.0183,18.3,ot
2463,T24,os,,8,0.0162,16.2,ot
2464,T24,os,,9,0.0177,17.7,ot
2465,T24,os,,10,0.0216,21.6,ot
2466,T24,or,,1,0.0207,20.7,ot
2467,T24,or,,2,0.0218,21.8,ot
2468,T24,or,,3,0.021,21,ot
2469,T24,or,,4,0.0226,22.6,ot
2470,T24,or,,5,0.0215,21.5,ot
2471,T24,or,,6,0.0199,19.9,ot
2472,T24,or,,7,0.0209,20.9,ot
2473,T24,or,,8,0.0219,21.9,ot
2474,T24,or,,9,0.0216,21.6,ot
2475,T24,or,,10,0.0211,21.1,ot
2476,T24,au,,1,0.0153,15.3,ot
2477,T24,au,,2,0.0199,19.9,ot
2478,T24,au,,3,0.0156,15.6,ot
2479,T24,au,,4,0.0169,16.9,ot
2480,T24,au,,5,0.0167,16.7,ot
2481,T24,au,,6,0.0176,17.6,ot
2482,T24,au,,7,0.0189,18.9,ot
2483,T24,au,,8,0.0193,19.3,ot
2484,T24,au,,9,0.0141,14.1,ot
2485,T24,au,,10,0.0172,17.2,ot
2486,T24,en,,1,0.0175,17.5,ot
2487,T24,en,,2,0.0154,15.4,ot
2488,T24,en,,3,0.0167,16.7,ot
2489,T24,en,,4,0.0126,12.6,ot
2490,T24,en,,5,0.0164,16.4,ot
2491,T24,en,,6,0.0115,11.5,ot
2492,T24,en,,7,0.0185,18.5,ot
2493,T24,en,,8,0.0165,16.5,ot
2494,T24,en,,9,0.0224,22.4,ot
2495,T24,en,,10,0.0209,20.9,ot
2496,T12-2022,au,,1,0.0205,20.5,ot
2497,T12-2022,au,,2,0.0207,20.7,ot
2498,T12-2022,au,,3,0.021,21,ot
2499,T12-2022,au,,4,0.0204,20.4,ot
2500,T12-2022,au,,5,0.0221,22.1,ot
2501,T12-2022,au,,6,0.0216,21.6,ot
2502,T12-2022,au,,7,0.0193,19.3,ot
2503,T12-2022,au,,8,0.0181,18.1,ot
2504,T12-2022,au,,9,0.0198,19.8,ot
2505,T12-2022,au,,10,0.0231,23.1,ot
2506,T12-2022,en,,1,0.0248,24.8,ot
2507,T12-2022,en,,2,0.0142,14.2,ot
2508,T12-2022,en,,3,0.0248,24.8,ot
2509,T12-2022,en,,4,0.0225,22.5,ot
2510,T12-2022,en,,5,0.022,22,ot
2511,T12-2022,en,,6,0.0216,21.6,ot
2512,T12-2022,en,,7,0.0249,24.9,ot
2513,T12-2022,en,,8,0.0241,24.1,ot
2514,T12-2022,en,,9,0.0239,23.9,ot
2515,T12-2022,en,,10,0.0167,16.7,ot
2516,T12-2022,or,,1,0.0156,15.6,ot
2517,T12-2022,or,,2,0.0219,21.9,ot
2518,T12-2022,or,,3,0.0238,23.8,ot
2519,T12-2022,or,,4,0.0185,18.5,ot
2520,T12-2022,or,,5,0.0202,20.2,ot
2521,T12-2022,or,,6,0.0226,22.6,ot
2522,T12-2022,or,,7,0.0147,14.7,ot
2523,T12-2022,or,,8,0.0227,22.7,ot
2524,T12-2022,or,,9,0.0224,22.4,ot
2525,T12-2022,or,,10,0.0203,20.3,ot
2526,T12-2022,os,,1,0.0141,14.1,ot
2527,T12-2022,os,,2,0.0246,24.6,ot
2528,T12-2022,os,,3,0.0234,23.4,ot
2529,T12-2022,os,,4,0.0132,13.2,ot
2530,T12-2022,os,,5,0.0235,23.5,ot
2531,T12-2022,os,,6,0.0254,25.4,ot
2532,T12-2022,os,,7,0.0174,17.4,ot
2533,T12-2022,os,,8,0.0213,21.3,ot
2534,T12-2022,os,,9,0.0215,21.5,ot
2535,T12-2022,os,,10,0.016,16,ot
2536,T12-2022,cn,,1,0.022,22,ot
2537,T12-2022,cn,,2,0.0196,19.6,ot
2538,T12-2022,cn,,3,0.0209,20.9,ot
2539,T12-2022,cn,,4,0.0187,18.7,ot
2540,T12-2022,cn,,5,0.0228,22.8,ot
2541,T12-2022,cn,,6,0.0164,16.4,ot
2542,T12-2022,cn,,7,0.0177,17.7,ot
2543,T12-2022,cn,,8,0.0186,18.6,ot
2544,T12-2022,cn,,9,0.0202,20.2,ot
2545,T12-2022,cn,,10,0.0187,18.7,ot
2546,T60,or,,1,0.0159,15.9,ot
2547,T60,or,,2,0.0142,14.2,ot
2548,T60,or,,3,0.0151,15.1,ot
2549,T60,or,,4,0.0128,12.8,ot
2550,T60,or,,5,0.0171,17.1,ot
2551,T60,or,,6,0.0162,16.2,ot
2552,T60,or,,7,0.0158,15.8,ot
2553,T60,or,,8,0.0185,18.5,ot
2554,T60,or,,9,0.0145,14.5,ot
2555,T60,or,,10,0.0158,15.8,ot
2556,T60,au,,1,0.0171,17.1,ot
2557,T60,au,,2,0.0122,12.2,ot
2558,T60,au,,3,0.0143,14.3,ot
2559,T60,au,,4,0.0163,16.3,ot
2560,T60,au,,5,0.0139,13.9,ot
2561,T60,au,,6,0.0153,15.3,ot
2562,T60,au,,7,0.0186,18.6,ot
2563,T60,au,,8,0.0143,14.3,ot
2564,T60,au,,9,0.0176,17.6,ot
2565,T60,au,,10,0.019,19,ot
2566,T60,os,,1,0.0188,18.8,ot
2567,T60,os,,2,0.0184,18.4,ot
2568,T60,os,,3,0.0173,17.3,ot
2569,T60,os,,4,0.0176,17.6,ot
2570,T60,os,,5,0.0208,20.8,ot
2571,T60,os,,6,0.0185,18.5,ot
2572,T60,os,,7,0.0181,18.1,ot
2573,T60,os,,8,0.0199,19.9,ot
2574,T60,os,,9,0.0192,19.2,ot
2575,T60,os,,10,0.0152,15.2,ot
2576,T60,ag,,1,0.0116,11.6,ot
2577,T60,ag,,2,0.0146,14.6,ot
2578,T60,ag,,3,0.0135,13.5,ot
2579,T60,ag,,4,0.0138,13.8,ot
2580,T60,ag,,5,0.0129,12.9,ot
2581,T60,ag,,6,0.0131,13.1,ot
2582,T60,ag,,7,0.0155,15.5,ot
2583,T60,ag,,8,0.0153,15.3,ot
2584,T60,ag,,9,0.016,16,ot
2585,T60,ag,,10,0.0149,14.9,ot
2586,T60,cn,,1,0.0152,15.2,ot
2587,T60,cn,,2,0.0173,17.3,ot
2588,T60,cn,,3,0.0172,17.2,ot
2589,T60,cn,,4,0.0175,17.5,ot
2590,T60,cn,,5,0.0163,16.3,ot
2591,T60,cn,,6,0.0209,20.9,ot
2592,T60,cn,,7,0.0188,18.8,ot
2593,T60,cn,,8,0.0177,17.7,ot
2594,T60,cn,,9,0.0198,19.8,ot
2595,T60,cn,,10,0.0151,15.1,ot
2596,T8,cn,,1,0.0129,12.9,ot
2597,T8,cn,,2,0.0199,19.9,ot
2598,T8,cn,,3,0.0157,15.7,ot
2599,T8,cn,,4,0.016,16,ot
2600,T8,cn,,5,0.0147,14.7,ot
2601,T8,cn,,6,0.0161,16.1,ot
2602,T8,cn,,7,0.0097,9.7,ot
2603,T8,cn,,8,0.0127,12.7,ot
2604,T8,cn,,9,0.0177,17.7,ot
2605,T8,cn,,10,0.0152,15.2,ot
2606,T19,cn,,1,0.0196,19.6,ot
2607,T19,cn,,2,0.0211,21.1,ot
2608,T19,cn,,3,0.0203,20.3,ot
2609,T19,cn,,4,0.0212,21.2,ot
2610,T19,cn,,5,0.0166,16.6,ot
2611,T19,cn,,6,0.0132,13.2,ot
2612,T19,cn,,7,0.0186,18.6,ot
2613,T19,cn,,8,0.0178,17.8,ot
2614,T19,cn,,9,0.0208,20.8,ot
2615,T19,cn,,10,0.021,21,ot
2616,T15,en,,1,0.0211,21.1,ot
2617,T15,en,,2,0.0171,17.1,ot
2618,T15,en,,3,0.0197,19.7,ot
2619,T15,en,,4,0.0201,20.1,ot
2620,T15,en,,5,0.0179,17.9,ot
2621,T15,en,,6,0.0148,14.8,ot
2622,T15,en,,7,0.0225,22.5,ot
2623,T15,en,,8,0.0204,20.4,ot
2624,T15,en,,9,0.0191,19.1,ot
2625,T15,en,,10,0.0196,19.6,ot
2626,T56,en,,1,0.0173,17.3,ot
2627,T56,en,,2,0.013,13,ot
2628,T56,en,,3,0.0148,14.8,ot
2629,T56,en,,4,0.0114,11.4,ot
2630,T56,en,,5,0.0149,14.9,ot
2631,T56,en,,6,0.0168,16.8,ot
2632,T56,en,,7,0.0122,12.2,ot
2633,T56,en,,8,0.0176,17.6,ot
2634,T56,en,,9,0.0178,17.8,ot
2635,T56,en,,10,0.0115,11.5,ot
2636,T38,au,,1,0.0175,17.5,ot
2637,T38,au,,2,0.0189,18.9,ot
2638,T13,cn,,1,0.0195,19.5,ot
2639,T13,os,,1,0.0237,23.7,ot
2640,T25,oc,,1,0.0149,14.9,ot
2641,T25,oc,,2,0.0231,23.1,ot
2642,T25,oc,,3,0.0171,17.1,ot
2643,T25,oc,,4,0.0226,22.6,ot
2644,T25,oc,,5,0.0142,14.2,ot
2645,T25,oc,,6,0.0197,19.7,ot
2646,T25,oc,,7,0.0187,18.7,ot
2647,T25,oc,,8,0.017,17,ot
2648,T25,oc,,9,0.0155,15.5,ot
2649,T25,oc,,10,0.0138,13.8,ot
2650,T25,au,,1,0.0196,19.6,ot
2651,T25,au,,2,0.0171,17.1,ot
2652,T25,au,,3,0.0135,13.5,ot
2653,T25,au,,4,0.0173,17.3,ot
2654,T25,au,,5,0.0199,19.9,ot
2655,T25,au,,6,0.0133,13.3,ot
2656,T25,au,,7,0.0162,16.2,ot
2657,T25,au,,8,0.0147,14.7,ot
2658,T25,au,,9,0.0145,14.5,ot
2659,T25,au,,10,0.0181,18.1,ot
2660,T25,cn,,1,0.0202,20.2,ot
2661,T25,cn,,2,0.0157,15.7,ot
2662,T25,cn,,3,0.0214,21.4,ot
2663,T25,cn,,4,0.0166,16.6,ot
2664,T25,cn,,5,0.016,16,ot
2665,T25,cn,,6,0.0131,13.1,ot
2666,T25,cn,,7,0.0143,14.3,ot
2667,T25,cn,,8,0.0174,17.4,ot
2668,T25,cn,,9,0.0152,15.2,ot
2669,T25,cn,,10,0.0181,18.1,ot
2670,T25,os,,1,0.0213,21.3,ot
2671,T25,os,,2,0.0179,17.9,ot
2672,T25,os,,3,0.0185,18.5,ot
2673,T25,os,,4,0.019,19,ot
2674,T25,os,,5,0.0187,18.7,ot
2675,T25,os,,6,0.0197,19.7,ot
2676,T25,os,,7,0.019,19,ot
2677,T25,os,,8,0.017,17,ot
2678,T25,os,,9,0.0177,17.7,ot
2679,T25,os,,10,0.0174,17.4,ot
2680,T25,en,,1,0.0197,19.7,ot
2681,T25,en,,2,0.015,15,ot
2682,T25,en,,3,0.0145,14.5,ot
2683,T25,en,,4,0.0219,21.9,ot
2684,T25,en,,5,0.0155,15.5,ot
2685,T25,en,,6,0.0167,16.7,ot
2686,T25,en,,7,0.0187,18.7,ot
2687,T25,en,,8,0.0196,19.6,ot
2688,T25,en,,9,0.0163,16.3,ot
2689,T25,en,,10,0.0165,16.5,ot
2690,CC,en,,1,0.0176,17.6,os
2691,CC,en,,2,0.0165,16.5,os
2692,CC,en,,3,0.0154,15.4,os
2693,CC,en,,4,0.0159,15.9,os
2694,CC,en,,5,0.0119,11.9,os
2695,CC,en,,6,0.019,19,os
2696,CC,en,,7,0.0152,15.2,os
2697,CC,en,,8,0.019,19,os
2698,CC,en,,9,0.0159,15.9,os
2699,CC,en,,10,0.0129,12.9,os
2700,g223,au,,1,0.0156,15.6,os
2701,g223,au,,2,0.0108,10.8,os
2702,g223,au,,3,0.0179,17.9,os
2703,g223,au,,4,0.0171,17.1,os
2704,g223,au,,5,0.0157,15.7,os
2705,g223,au,,6,0.0167,16.7,os
2706,g223,au,,7,0.0212,21.2,os
2707,g223,au,,8,0.0173,17.3,os
2708,g223,au,,9,0.0225,22.5,os
2709,g223,au,,10,0.0213,21.3,os
2710,g254,au,,1,0.0108,10.8,os
2711,g254,au,,2,0.0124,12.4,os
2712,g254,au,,3,0.0121,12.1,os
2713,g254,au,,4,0.0148,14.8,os
2714,g254,au,,5,0.0125,12.5,os
2715,g254,au,,6,0.013,13,os
2716,g254,au,,7,0.0137,13.7,os
2717,g254,au,,8,0.0139,13.9,os
2718,g254,au,,9,0.0176,17.6,os
2719,g254,au,,10,0.0151,15.1,os
2720,g254,cn,,1,0.0131,13.1,os
2721,g254,cn,,2,0.0157,15.7,os
2722,g254,cn,,3,0.0125,12.5,os
2723,g254,cn,,4,0.0164,16.4,os
2724,g254,cn,,5,0.0113,11.3,os
2725,g254,cn,,6,0.0167,16.7,os
2726,g254,cn,,7,0.0134,13.4,os
2727,g254,cn,,8,0.0142,14.2,os
2728,g254,cn,,9,0.0145,14.5,os
2729,g254,cn,,10,0.0136,13.6,os
2730,G37,au,,1,0.0163,16.3,os
2731,G37,au,,2,0.0128,12.8,os
2732,G37,au,,3,0.0165,16.5,os
2733,G37,au,,4,0.0166,16.6,os
2734,G37,au,,5,0.0125,12.5,os
2735,G37,au,,6,0.0145,14.5,os
2736,G37,au,,7,0.0141,14.1,os
2737,G37,au,,8,0.0177,17.7,os
2738,G37,au,,9,0.0154,15.4,os
2739,G37,au,,10,0.0165,16.5,os
2740,G227,en,,1,0.0148,14.8,os
2741,G227,en,,2,0.0111,11.1,os
2742,G227,en,,3,0.0157,15.7,os
2743,G227,en,,4,0.0153,15.3,os
2744,G227,en,,5,0.0128,12.8,os
2745,G227,en,,6,0.0153,15.3,os
2746,G227,en,,7,0.0133,13.3,os
2747,G227,en,,8,0.0139,13.9,os
2748,G227,en,,9,0.0126,12.6,os
2749,G227,en,,10,0.0138,13.8,os
2750,G181,cn,,1,0.0128,12.8,os
2751,G181,cn,,2,0.0124,12.4,os
2752,G181,cn,,3,0.0131,13.1,os
2753,G181,cn,,4,0.0129,12.9,os
2754,G181,cn,,5,0.0127,12.7,os
2755,G181,cn,,6,0.0134,13.4,os
2756,G181,cn,,7,0.0114,11.4,os
2757,G181,cn,,8,0.0119,11.9,os
2758,G181,cn,,9,0.01,10,os
2759,G181,cn,,10,0.0109,10.9,os
2760,G46,en,,1,0.0118,11.8,os
2761,G46,en,,2,0.0124,12.4,os
2762,G46,en,,3,0.0141,14.1,os
2763,G46,en,,4,0.0156,15.6,os
2764,G46,en,,5,0.0146,14.6,os
2765,G46,en,,6,0.0124,12.4,os
2766,G46,en,,7,0.0143,14.3,os
2767,G46,en,,8,0.0139,13.9,os
2768,G46,en,,9,0.0151,15.1,os
2769,G46,en,,10,0.0134,13.4,os
2770,G282,cn,,1,0.0211,21.1,os
2771,G282,cn,,2,0.0178,17.8,os
2772,G282,cn,,3,0.0177,17.7,os
2773,G282,cn,,4,0.0188,18.8,os
2774,G282,cn,,5,0.0189,18.9,os
2775,G282,cn,,6,0.0165,16.5,os
2776,G282,cn,,7,0.0171,17.1,os
2777,G282,cn,,8,0.0179,17.9,os
2778,G282,cn,,9,0.0157,15.7,os
2779,G282,cn,,10,0.0187,18.7,os
2780,CC,cn,,1,0.0178,17.8,os
2781,CC,cn,,2,0.0167,16.7,os
2782,CC,cn,,3,0.0159,15.9,os
2783,CC,cn,,4,0.0106,10.6,os
2784,CC,cn,,5,0.0168,16.8,os
2785,CC,cn,,6,0.0145,14.5,os
2786,CC,cn,,7,0.0208,20.8,os
2787,CC,cn,,8,0.0141,14.1,os
2788,CC,cn,,9,0.0167,16.7,os
2789,CC,cn,,10,0.0145,14.5,os
2790,G227,cn,,1,0.0109,10.9,os
2791,G227,cn,,2,0.0111,11.1,os
2792,G227,cn,,3,0.0113,11.3,os
2793,G227,cn,,4,0.0102,10.2,os
2794,G227,cn,,5,0.0076,7.6,os
2795,G227,cn,,6,0.011,11,os
2796,G227,cn,,7,0.0121,12.1,os
2797,G227,cn,,8,0.0108,10.8,os
2798,G227,cn,,9,0.0104,10.4,os
2799,G227,cn,,10,0.0114,11.4,os
2800,g254,en,,1,0.0141,14.1,os
2801,g254,en,,2,0.0131,13.1,os
2802,g254,en,,3,0.012,12,os
2803,g254,en,,4,0.0118,11.8,os
2804,g254,en,,5,0.0116,11.6,os
2805,g254,en,,6,0.0112,11.2,os
2806,g254,en,,7,0.0125,12.5,os
2807,g254,en,,8,0.0121,12.1,os
2808,g254,en,,9,0.0139,13.9,os
2809,g254,en,,10,0.0131,13.1,os
2810,G226,au,,1,0.0128,12.8,os
2811,G226,au,,2,0.0119,11.9,os
2812,G226,au,,3,0.0126,12.6,os
2813,G226,au,,4,0.0115,11.5,os
2814,G226,au,,5,0.0141,14.1,os
2815,G226,au,,6,0.0126,12.6,os
2816,G226,au,,7,0.0118,11.8,os
2817,G226,au,,8,0.0104,10.4,os
2818,G226,au,,9,0.0112,11.2,os
2819,G226,au,,10,0.0127,12.7,os
2820,G44,au,,1,0.0119,11.9,os
2821,G44,au,,2,0.0131,13.1,os
2822,G44,au,,3,0.0117,11.7,os
2823,G44,au,,4,0.0132,13.2,os
2824,G44,au,,5,0.0113,11.3,os
2825,G44,au,,6,0.0118,11.8,os
2826,G44,au,,7,0.012,12,os
2827,G44,au,,8,0.0117,11.7,os
2828,G44,au,,9,0.011,11,os
2829,G44,au,,10,0.0116,11.6,os
2830,g223,cn,,1,0.0198,19.8,os
2831,g223,cn,,2,0.0209,20.9,os
2832,g223,cn,,3,0.022,22,os
2833,g223,cn,,4,0.018,18,os
2834,g223,cn,,5,0.0169,16.9,os
2835,g223,cn,,6,0.0136,13.6,os
2836,g223,cn,,7,0.0191,19.1,os
2837,g223,cn,,8,0.0184,18.4,os
2838,g223,cn,,9,0.0209,20.9,os
2839,g223,cn,,10,0.0226,22.6,os
2840,G87,cn,,1,0.0224,22.4,os
2841,G87,cn,,2,0.0255,25.5,os
2842,G87,cn,,3,0.0202,20.2,os
2843,G87,cn,,4,0.0243,24.3,os
2844,G87,cn,,5,0.0199,19.9,os
2845,G87,cn,,6,0.0201,20.1,os
2846,G87,cn,,7,0.0242,24.2,os
2847,G87,cn,,8,0.0197,19.7,os
2848,G87,cn,,9,0.0223,22.3,os
2849,G87,cn,,10,0.0208,20.8,os
2850,G226,en,,1,0.0086,8.6,os
2851,G226,en,,2,0.0097,9.7,os
2852,G226,en,,3,0.0114,11.4,os
2853,G226,en,,4,0.0091,9.1,os
2854,G226,en,,5,0.0085,8.5,os
2855,G226,en,,6,0.0093,9.3,os
2856,G226,en,,7,0.0109,10.9,os
2857,G226,en,,8,0.0087,8.7,os
2858,G226,en,,9,0.0115,11.5,os
2859,G226,en,,10,0.0086,8.6,os
2860,G282,en,,1,0.0199,19.9,os
2861,G282,en,,2,0.0203,20.3,os
2862,G282,en,,3,0.0229,22.9,os
2863,G282,en,,4,0.0234,23.4,os
2864,G282,en,,5,0.0226,22.6,os
2865,G282,en,,6,0.0201,20.1,os
2866,G282,en,,7,0.0203,20.3,os
2867,G282,en,,8,0.0228,22.8,os
2868,G282,en,,9,0.0219,21.9,os
2869,G282,en,,10,0.0194,19.4,os
2870,G44,en,,1,0.0175,17.5,os
2871,G44,en,,2,0.0143,14.3,os
2872,G44,en,,3,0.0146,14.6,os
2873,G44,en,,4,0.0166,16.6,os
2874,G44,en,,5,0.0143,14.3,os
2875,G44,en,,6,0.0167,16.7,os
2876,G44,en,,7,0.0148,14.8,os
2877,G44,en,,8,0.0154,15.4,os
2878,G44,en,,9,0.0147,14.7,os
2879,G44,en,,10,0.0159,15.9,os
2880,G46,au,,1,0.0114,11.4,os
2881,G46,au,,2,0.0153,15.3,os
2882,G46,au,,3,0.0129,12.9,os
2883,G46,au,,4,0.0122,12.2,os
2884,G46,au,,5,0.0143,14.3,os
2885,G46,au,,6,0.0138,13.8,os
2886,G46,au,,7,0.0134,13.4,os
2887,G46,au,,8,0.0146,14.6,os
2888,G46,au,,9,0.0131,13.1,os
2889,G46,au,,10,0.0144,14.4,os
2890,g223,en,,1,0.0177,17.7,os
2891,g223,en,,2,0.0148,14.8,os
2892,g223,en,,3,0.0144,14.4,os
2893,g223,en,,4,0.0168,16.8,os
2894,g223,en,,5,0.0164,16.4,os
2895,g223,en,,6,0.0165,16.5,os
2896,g223,en,,7,0.0141,14.1,os
2897,g223,en,,8,0.0183,18.3,os
2898,g223,en,,9,0.0173,17.3,os
2899,g223,en,,10,0.0153,15.3,os
2900,G44,cn,,1,0.0127,12.7,os
2901,G44,cn,,2,0.0149,14.9,os
2902,G44,cn,,3,0.0127,12.7,os
2903,G44,cn,,4,0.0125,12.5,os
2904,G44,cn,,5,0.0142,14.2,os
2905,G44,cn,,6,0.0118,11.8,os
2906,G44,cn,,7,0.012,12,os
2907,G44,cn,,8,0.0122,12.2,os
2908,G44,cn,,9,0.0129,12.9,os
2909,G44,cn,,10,0.0131,13.1,os
2910,G234,cn,,1,0.0124,12.4,os
2911,G234,cn,,2,0.0115,11.5,os
2912,G234,cn,,3,0.0133,13.3,os
2913,G234,cn,,4,0.013,13,os
2914,G234,cn,,5,0.0102,10.2,os
2915,G234,cn,,6,0.0129,12.9,os
2916,G234,cn,,7,0.0106,10.6,os
2917,G234,cn,,8,0.0114,11.4,os
2918,G234,cn,,9,0.0111,11.1,os
2919,G234,cn,,10,0.0117,11.7,os
